-- MySQL dump 10.13  Distrib 8.0.36, for Win64 (x86_64)
--
-- Host: j11e107.p.ssafy.io    Database: e107
-- ------------------------------------------------------
-- Server version	8.0.37

/*!40101 SET @OLD_CHARACTER_SET_CLIENT=@@CHARACTER_SET_CLIENT */;
/*!40101 SET @OLD_CHARACTER_SET_RESULTS=@@CHARACTER_SET_RESULTS */;
/*!40101 SET @OLD_COLLATION_CONNECTION=@@COLLATION_CONNECTION */;
/*!50503 SET NAMES utf8 */;
/*!40103 SET @OLD_TIME_ZONE=@@TIME_ZONE */;
/*!40103 SET TIME_ZONE='+00:00' */;
/*!40014 SET @OLD_UNIQUE_CHECKS=@@UNIQUE_CHECKS, UNIQUE_CHECKS=0 */;
/*!40014 SET @OLD_FOREIGN_KEY_CHECKS=@@FOREIGN_KEY_CHECKS, FOREIGN_KEY_CHECKS=0 */;
/*!40101 SET @OLD_SQL_MODE=@@SQL_MODE, SQL_MODE='NO_AUTO_VALUE_ON_ZERO' */;
/*!40111 SET @OLD_SQL_NOTES=@@SQL_NOTES, SQL_NOTES=0 */;

--
-- Table structure for table `clear_info`
--

DROP TABLE IF EXISTS `clear_info`;
/*!40101 SET @saved_cs_client     = @@character_set_client */;
/*!50503 SET character_set_client = utf8mb4 */;
CREATE TABLE `clear_info` (
  `clear_info_id` int NOT NULL AUTO_INCREMENT,
  `room_id` int NOT NULL,
  `stage_number` tinyint DEFAULT NULL,
  `clear_date` timestamp NULL DEFAULT NULL,
  PRIMARY KEY (`clear_info_id`),
  KEY `fk_clear_info_room_id_idx` (`room_id`),
  CONSTRAINT `fk_clear_info_room_id` FOREIGN KEY (`room_id`) REFERENCES `room` (`room_id`)
) ENGINE=InnoDB AUTO_INCREMENT=272 DEFAULT CHARSET=utf8mb4 COLLATE=utf8mb4_0900_ai_ci;
/*!40101 SET character_set_client = @saved_cs_client */;

--
-- Dumping data for table `clear_info`
--

LOCK TABLES `clear_info` WRITE;
/*!40000 ALTER TABLE `clear_info` DISABLE KEYS */;
INSERT INTO `clear_info` VALUES (1,28,5,NULL),(2,28,5,NULL),(3,28,5,'2024-09-12 17:27:33'),(4,28,5,'2024-09-12 17:58:27'),(5,81,1,'2024-09-26 15:57:35'),(6,85,2,'2024-09-26 17:16:03'),(7,85,3,'2024-09-26 17:17:53'),(8,85,4,'2024-09-26 17:18:04'),(9,86,2,'2024-09-26 17:35:57'),(10,86,2,'2024-09-26 17:36:24'),(11,86,3,'2024-09-26 17:36:35'),(12,86,3,'2024-09-26 17:37:34'),(13,93,2,'2024-09-27 08:45:58'),(14,94,2,'2024-09-27 09:34:23'),(15,94,3,'2024-09-27 09:36:03'),(16,94,4,'2024-09-27 09:36:09'),(17,95,2,'2024-09-27 09:39:58'),(18,95,3,'2024-09-27 09:41:20'),(19,95,4,'2024-09-27 09:41:25'),(20,96,2,'2024-09-27 09:48:07'),(21,96,3,'2024-09-27 09:49:26'),(22,96,4,'2024-09-27 09:49:31'),(23,97,2,'2024-09-27 09:56:56'),(24,97,3,'2024-09-27 09:58:15'),(25,97,4,'2024-09-27 09:58:19'),(26,98,2,'2024-09-27 10:12:04'),(27,98,3,'2024-09-27 10:13:28'),(28,98,4,'2024-09-27 10:13:32'),(29,124,2,'2024-09-27 13:29:41'),(30,129,2,'2024-09-27 14:24:15'),(31,137,2,'2024-09-27 17:01:44'),(32,138,2,'2024-09-27 17:08:23'),(33,139,2,'2024-09-27 17:08:43'),(34,140,2,'2024-09-27 17:09:08'),(35,142,2,'2024-09-27 17:09:57'),(36,138,3,'2024-09-27 17:10:04'),(37,141,2,'2024-09-27 17:10:30'),(38,140,3,'2024-09-27 17:10:49'),(39,139,3,'2024-09-27 17:11:00'),(40,139,4,'2024-09-27 17:11:31'),(41,141,3,'2024-09-27 17:11:56'),(42,141,4,'2024-09-27 17:12:19'),(43,142,3,'2024-09-27 17:12:27'),(44,143,2,'2024-09-27 17:12:57'),(45,145,2,'2024-09-27 17:13:01'),(46,146,2,'2024-09-27 17:13:28'),(47,147,2,'2024-09-27 17:13:40'),(48,148,2,'2024-09-27 17:14:39'),(49,145,3,'2024-09-27 17:14:47'),(50,145,4,'2024-09-27 17:14:54'),(51,147,3,'2024-09-27 17:15:07'),(52,146,3,'2024-09-27 17:15:11'),(53,142,4,'2024-09-27 17:15:23'),(54,148,3,'2024-09-27 17:15:25'),(55,147,4,'2024-09-27 17:15:29'),(56,148,4,'2024-09-27 17:15:30'),(57,143,3,'2024-09-27 17:16:03'),(58,146,4,'2024-09-27 17:16:13'),(59,146,4,'2024-09-27 17:19:49'),(60,137,3,'2024-09-27 17:20:41'),(61,137,4,'2024-09-27 17:20:49'),(62,153,2,'2024-09-29 02:13:50'),(63,154,2,'2024-09-29 02:28:18'),(64,157,2,'2024-09-29 02:57:52'),(65,158,2,'2024-09-29 03:03:26'),(66,159,2,'2024-09-29 03:06:11'),(67,160,2,'2024-09-29 03:08:26'),(68,161,2,'2024-09-29 03:12:01'),(69,162,2,'2024-09-29 03:26:18'),(70,163,2,'2024-09-29 03:28:16'),(71,164,2,'2024-09-29 03:33:14'),(72,165,2,'2024-09-29 03:38:40'),(73,166,2,'2024-09-29 03:44:04'),(74,167,2,'2024-09-29 03:56:14'),(75,168,2,'2024-09-29 04:03:33'),(76,169,2,'2024-09-29 04:15:26'),(77,170,2,'2024-09-29 04:53:59'),(78,171,2,'2024-09-29 04:57:54'),(79,172,2,'2024-09-29 05:00:57'),(80,173,2,'2024-09-29 05:07:29'),(81,174,2,'2024-09-29 05:10:43'),(82,175,2,'2024-09-29 05:16:40'),(83,179,2,'2024-09-30 09:43:04'),(84,179,3,'2024-09-30 09:49:17'),(85,180,2,'2024-09-30 09:54:08'),(86,181,2,'2024-09-30 10:11:51'),(87,181,3,'2024-09-30 10:15:32'),(88,189,2,'2024-09-30 12:30:06'),(89,190,2,'2024-09-30 12:41:45'),(90,191,2,'2024-09-30 14:11:44'),(91,195,2,'2024-09-30 15:02:05'),(92,196,2,'2024-09-30 15:08:12'),(93,199,2,'2024-09-30 15:40:06'),(94,200,2,'2024-09-30 15:46:27'),(95,86,3,'2024-09-30 23:42:15'),(96,203,2,'2024-10-01 15:10:41'),(97,203,3,'2024-10-01 15:12:52'),(98,204,2,'2024-10-01 15:17:50'),(99,204,3,'2024-10-01 15:19:31'),(100,205,2,'2024-10-01 15:22:29'),(101,205,3,'2024-10-01 15:24:03'),(102,206,2,'2024-10-01 17:29:50'),(103,206,3,'2024-10-01 17:31:35'),(104,207,2,'2024-10-01 17:35:02'),(105,207,3,'2024-10-01 17:36:38'),(106,208,2,'2024-10-01 17:44:55'),(107,208,3,'2024-10-01 17:46:22'),(108,208,4,'2024-10-01 17:46:42'),(109,209,2,'2024-10-01 17:58:59'),(110,209,3,'2024-10-01 18:00:28'),(111,212,2,'2024-10-01 18:48:54'),(112,212,3,'2024-10-01 18:50:21'),(113,213,2,'2024-10-01 18:55:33'),(114,213,3,'2024-10-01 18:57:02'),(115,214,2,'2024-10-01 19:01:47'),(116,214,3,'2024-10-01 19:03:19'),(117,215,2,'2024-10-01 19:16:11'),(118,215,3,'2024-10-01 19:17:47'),(119,216,2,'2024-10-01 19:20:04'),(120,216,3,'2024-10-01 19:21:32'),(121,217,2,'2024-10-01 19:26:34'),(122,217,3,'2024-10-01 19:28:02'),(123,229,2,'2024-10-02 10:16:44'),(124,230,2,'2024-10-02 10:22:47'),(125,247,2,'2024-10-02 13:46:14'),(126,248,2,'2024-10-02 13:46:46'),(127,248,3,'2024-10-02 13:48:46'),(128,248,4,'2024-10-02 13:49:38'),(129,254,4,'2024-10-02 14:49:06'),(130,256,4,'2024-10-02 14:57:23'),(131,260,4,'2024-10-02 15:11:33'),(132,266,4,'2024-10-02 15:33:13'),(133,337,2,'2024-10-03 17:28:18'),(134,337,3,'2024-10-03 17:29:34'),(135,346,2,'2024-10-03 18:49:59'),(136,346,3,'2024-10-03 18:52:30'),(137,396,2,'2024-10-03 23:18:14'),(138,397,2,'2024-10-03 23:22:20'),(139,400,2,'2024-10-03 23:29:44'),(140,401,2,'2024-10-03 23:44:21'),(141,403,2,'2024-10-03 23:58:04'),(142,407,2,'2024-10-04 00:08:05'),(143,407,3,'2024-10-04 00:10:39'),(144,407,4,'2024-10-04 00:12:19'),(145,408,2,'2024-10-04 00:25:07'),(146,408,3,'2024-10-04 00:28:03'),(147,408,4,'2024-10-04 00:30:18'),(148,409,2,'2024-10-04 00:44:23'),(149,409,3,'2024-10-04 00:45:34'),(150,409,4,'2024-10-04 00:48:09'),(151,410,2,'2024-10-04 00:59:56'),(152,413,2,'2024-10-04 09:13:34'),(153,413,3,'2024-10-04 09:15:23'),(154,416,2,'2024-10-04 09:16:17'),(155,414,2,'2024-10-04 09:16:29'),(156,413,4,'2024-10-04 09:17:04'),(157,415,2,'2024-10-04 09:18:05'),(158,414,3,'2024-10-04 09:18:13'),(159,417,2,'2024-10-04 09:18:40'),(160,415,3,'2024-10-04 09:19:50'),(161,420,2,'2024-10-04 09:21:04'),(162,414,4,'2024-10-04 09:21:09'),(163,417,3,'2024-10-04 09:21:45'),(164,419,2,'2024-10-04 09:21:59'),(165,416,3,'2024-10-04 09:22:01'),(166,420,3,'2024-10-04 09:22:19'),(167,415,4,'2024-10-04 09:23:01'),(168,418,2,'2024-10-04 09:23:47'),(169,420,4,'2024-10-04 09:24:43'),(170,419,3,'2024-10-04 09:24:56'),(171,416,4,'2024-10-04 09:25:31'),(172,418,3,'2024-10-04 09:27:27'),(173,419,4,'2024-10-04 09:27:39'),(174,418,4,'2024-10-04 09:30:01'),(175,421,2,'2024-10-04 09:42:40'),(176,421,3,'2024-10-04 09:47:32'),(177,421,4,'2024-10-04 09:51:08'),(178,422,2,'2024-10-04 11:18:40'),(179,422,3,'2024-10-04 11:21:14'),(180,422,4,'2024-10-04 11:23:48'),(181,433,2,'2024-10-04 13:33:09'),(182,433,3,'2024-10-04 13:36:27'),(183,438,2,'2024-10-04 15:25:24'),(184,438,3,'2024-10-04 15:27:36'),(185,438,4,'2024-10-04 15:31:05'),(186,446,2,'2024-10-04 16:12:24'),(187,446,3,'2024-10-04 16:14:34'),(188,446,4,'2024-10-04 16:15:52'),(189,468,2,'2024-10-05 16:20:00'),(190,468,3,'2024-10-05 16:27:38'),(191,468,4,'2024-10-05 16:31:22'),(192,479,4,'2024-10-05 18:42:47'),(193,482,4,'2024-10-05 19:40:37'),(194,485,4,'2024-10-05 20:02:40'),(195,486,4,'2024-10-05 20:12:32'),(196,487,4,'2024-10-05 20:19:06'),(197,490,4,'2024-10-05 20:41:51'),(198,513,4,'2024-10-06 12:52:46'),(199,519,4,'2024-10-06 14:33:21'),(200,520,4,'2024-10-06 14:41:30'),(201,521,4,'2024-10-06 14:45:54'),(202,523,4,'2024-10-06 15:06:01'),(203,524,4,'2024-10-06 15:11:43'),(204,527,4,'2024-10-06 15:24:45'),(205,541,2,'2024-10-07 10:39:54'),(206,545,2,'2024-10-07 10:46:04'),(207,545,3,'2024-10-07 10:52:54'),(208,554,2,'2024-10-07 11:11:31'),(209,556,2,'2024-10-07 11:12:34'),(210,556,3,'2024-10-07 11:15:03'),(211,556,4,'2024-10-07 11:17:48'),(212,556,4,'2024-10-07 11:20:49'),(213,557,4,'2024-10-07 11:21:34'),(214,559,2,'2024-10-07 11:31:57'),(215,560,2,'2024-10-07 11:32:07'),(216,560,3,'2024-10-07 11:34:58'),(217,559,3,'2024-10-07 11:37:02'),(218,560,4,'2024-10-07 11:37:57'),(219,560,4,'2024-10-07 11:40:03'),(220,563,4,'2024-10-07 12:36:20'),(221,563,4,'2024-10-07 12:39:24'),(222,564,4,'2024-10-07 13:36:17'),(223,564,4,'2024-10-07 13:40:13'),(224,567,2,'2024-10-07 14:15:44'),(225,567,3,'2024-10-07 14:18:15'),(226,569,2,'2024-10-07 14:24:04'),(227,569,3,'2024-10-07 14:25:48'),(228,569,4,'2024-10-07 14:33:06'),(229,571,4,'2024-10-07 14:38:17'),(230,572,2,'2024-10-07 15:10:11'),(231,578,4,'2024-10-07 15:51:24'),(232,580,4,'2024-10-07 16:06:04'),(233,581,4,'2024-10-07 16:14:28'),(234,583,2,'2024-10-07 16:21:38'),(235,583,3,'2024-10-07 16:23:48'),(236,583,4,'2024-10-07 16:27:36'),(237,583,4,'2024-10-07 16:30:15'),(238,584,4,'2024-10-07 16:35:17'),(239,587,2,'2024-10-07 16:54:17'),(240,587,3,'2024-10-07 16:58:02'),(241,587,4,'2024-10-07 16:59:26'),(242,587,4,'2024-10-07 17:01:46'),(243,588,2,'2024-10-07 17:29:58'),(244,589,2,'2024-10-07 17:30:55'),(245,588,3,'2024-10-07 17:34:16'),(246,588,4,'2024-10-07 17:36:38'),(247,588,4,'2024-10-07 17:41:38'),(248,591,2,'2024-10-07 17:46:09'),(249,591,3,'2024-10-07 17:48:58'),(250,592,2,'2024-10-07 17:49:11'),(251,593,2,'2024-10-07 17:56:23'),(252,592,3,'2024-10-07 17:58:13'),(253,592,4,'2024-10-07 17:59:34'),(254,595,2,'2024-10-07 22:04:51'),(255,595,3,'2024-10-07 22:09:27'),(256,595,4,'2024-10-07 22:13:19'),(257,595,4,'2024-10-07 22:19:16'),(258,596,2,'2024-10-07 22:23:11'),(259,596,3,'2024-10-07 22:29:19'),(260,596,4,'2024-10-07 22:30:47'),(261,596,4,'2024-10-07 22:43:39'),(262,597,4,'2024-10-08 09:27:06'),(263,599,4,'2024-10-08 10:46:22'),(264,603,4,'2024-10-08 11:48:33'),(265,607,2,'2024-10-08 12:13:51'),(266,615,2,'2024-10-08 13:37:49'),(267,615,3,'2024-10-08 13:45:05'),(268,615,4,'2024-10-08 13:49:54'),(269,615,4,'2024-10-08 14:02:50'),(270,620,2,'2024-10-08 15:11:43'),(271,620,3,'2024-10-08 15:17:13');
/*!40000 ALTER TABLE `clear_info` ENABLE KEYS */;
UNLOCK TABLES;

--
-- Table structure for table `easter_egg`
--

DROP TABLE IF EXISTS `easter_egg`;
/*!40101 SET @saved_cs_client     = @@character_set_client */;
/*!50503 SET character_set_client = utf8mb4 */;
CREATE TABLE `easter_egg` (
  `easter_egg_id` int NOT NULL AUTO_INCREMENT,
  `stage` tinyint NOT NULL,
  `posx` double DEFAULT NULL,
  `posy` double DEFAULT NULL,
  `posz` double DEFAULT NULL,
  PRIMARY KEY (`easter_egg_id`)
) ENGINE=InnoDB AUTO_INCREMENT=6 DEFAULT CHARSET=utf8mb4 COLLATE=utf8mb4_0900_ai_ci;
/*!40101 SET character_set_client = @saved_cs_client */;

--
-- Dumping data for table `easter_egg`
--

LOCK TABLES `easter_egg` WRITE;
/*!40000 ALTER TABLE `easter_egg` DISABLE KEYS */;
INSERT INTO `easter_egg` VALUES (1,2,155,155,155),(2,3,155,155,155),(3,4,155,155,155),(4,5,155,155,155),(5,1,155,155,155);
/*!40000 ALTER TABLE `easter_egg` ENABLE KEYS */;
UNLOCK TABLES;

--
-- Table structure for table `friend`
--

DROP TABLE IF EXISTS `friend`;
/*!40101 SET @saved_cs_client     = @@character_set_client */;
/*!50503 SET character_set_client = utf8mb4 */;
CREATE TABLE `friend` (
  `friend_id` int NOT NULL AUTO_INCREMENT,
  `user_id` int NOT NULL,
  `friend_user_id` int NOT NULL,
  `is_active` tinyint(1) DEFAULT '0',
  `created_at` timestamp NULL DEFAULT NULL,
  `updated_at` timestamp NULL DEFAULT NULL,
  PRIMARY KEY (`friend_id`),
  UNIQUE KEY `user_id_UNIQUE` (`user_id`,`friend_user_id`),
  KEY `fk_friend_user_id_idx` (`user_id`),
  KEY `fk_friend_friend_user_id_idx` (`friend_user_id`),
  CONSTRAINT `fk_friend_friend_user_id` FOREIGN KEY (`friend_user_id`) REFERENCES `user` (`user_id`),
  CONSTRAINT `fk_friend_user_id` FOREIGN KEY (`user_id`) REFERENCES `user` (`user_id`)
) ENGINE=InnoDB AUTO_INCREMENT=169 DEFAULT CHARSET=utf8mb4 COLLATE=utf8mb4_0900_ai_ci;
/*!40101 SET character_set_client = @saved_cs_client */;

--
-- Dumping data for table `friend`
--

LOCK TABLES `friend` WRITE;
/*!40000 ALTER TABLE `friend` DISABLE KEYS */;
INSERT INTO `friend` VALUES (3,22,38,1,'2024-09-11 11:15:51',NULL),(4,38,22,1,'2024-09-11 11:15:51',NULL),(5,38,39,1,'2024-09-20 16:17:45',NULL),(6,39,38,1,'2024-09-20 16:17:45',NULL),(7,38,40,1,'2024-09-20 16:20:43',NULL),(8,40,38,1,'2024-09-20 16:20:43',NULL),(9,38,41,1,'2024-09-20 16:21:08',NULL),(10,41,38,1,'2024-09-20 16:21:08',NULL),(11,38,42,1,'2024-09-20 16:22:50',NULL),(12,42,38,1,'2024-09-20 16:22:50',NULL),(13,38,43,1,'2024-09-20 16:25:14',NULL),(14,43,38,1,'2024-09-20 16:25:14',NULL),(15,38,44,1,'2024-09-20 16:33:47',NULL),(16,44,38,1,'2024-09-20 16:33:47',NULL),(17,38,45,1,'2024-09-20 16:35:27',NULL),(18,45,38,1,'2024-09-20 16:35:27',NULL),(19,39,45,1,'2024-09-20 16:36:59',NULL),(20,45,39,1,'2024-09-20 16:36:59',NULL),(21,39,44,1,'2024-09-20 16:41:10',NULL),(22,44,39,1,'2024-09-20 16:41:10',NULL),(23,39,41,1,'2024-09-20 16:41:50',NULL),(24,41,39,1,'2024-09-20 16:41:50',NULL),(25,39,42,1,'2024-09-20 16:41:51',NULL),(26,42,39,1,'2024-09-20 16:41:51',NULL),(27,39,43,1,'2024-09-20 16:41:51',NULL),(28,43,39,1,'2024-09-20 16:41:51',NULL),(29,41,42,1,'2024-09-23 09:50:06',NULL),(30,42,41,1,'2024-09-23 09:50:06',NULL),(31,47,48,1,'2024-09-25 10:57:17',NULL),(32,48,47,1,'2024-09-25 10:57:17',NULL),(33,49,42,1,'2024-09-25 12:01:05',NULL),(34,42,49,1,'2024-09-25 12:01:05',NULL),(35,49,47,1,'2024-09-25 14:36:21',NULL),(36,47,49,1,'2024-09-25 14:36:21',NULL),(37,49,48,1,'2024-09-26 11:13:57',NULL),(38,48,49,1,'2024-09-26 11:13:57',NULL),(39,48,50,1,'2024-09-26 13:25:53',NULL),(40,50,48,1,'2024-09-26 13:25:53',NULL),(41,50,51,1,'2024-09-26 23:29:23',NULL),(42,51,50,1,'2024-09-26 23:29:23',NULL),(43,49,51,1,'2024-09-26 23:45:40',NULL),(44,51,49,1,'2024-09-26 23:45:40',NULL),(45,49,53,1,'2024-09-27 11:12:41',NULL),(46,53,49,1,'2024-09-27 11:12:41',NULL),(47,49,52,1,'2024-09-27 17:01:09',NULL),(48,52,49,1,'2024-09-27 17:01:09',NULL),(49,59,56,1,'2024-09-27 17:06:30',NULL),(50,56,59,1,'2024-09-27 17:06:30',NULL),(51,58,61,1,'2024-09-27 17:07:04',NULL),(52,61,58,1,'2024-09-27 17:07:04',NULL),(53,69,65,1,'2024-09-27 17:07:23',NULL),(54,65,69,1,'2024-09-27 17:07:23',NULL),(55,67,60,1,'2024-09-27 17:07:38',NULL),(56,60,67,1,'2024-09-27 17:07:38',NULL),(57,70,68,1,'2024-09-27 17:07:54',NULL),(58,68,70,1,'2024-09-27 17:07:54',NULL),(59,71,72,1,'2024-09-27 17:08:48',NULL),(60,72,71,1,'2024-09-27 17:08:48',NULL),(61,66,63,1,'2024-09-27 17:08:51',NULL),(62,63,66,1,'2024-09-27 17:08:51',NULL),(63,72,66,1,'2024-09-27 17:08:59',NULL),(64,66,72,1,'2024-09-27 17:08:59',NULL),(65,75,62,1,'2024-09-27 17:10:23',NULL),(66,62,75,1,'2024-09-27 17:10:23',NULL),(67,76,74,1,'2024-09-27 17:11:24',NULL),(68,74,76,1,'2024-09-27 17:11:24',NULL),(69,77,64,1,'2024-09-27 17:12:32',NULL),(70,64,77,1,'2024-09-27 17:12:32',NULL),(71,61,66,1,'2024-09-27 17:14:16',NULL),(72,66,61,1,'2024-09-27 17:14:16',NULL),(73,46,47,0,'2024-09-28 20:01:58','2024-09-30 23:43:54'),(74,47,46,0,'2024-09-28 20:01:58','2024-09-30 23:43:54'),(75,45,49,1,'2024-09-30 15:45:02',NULL),(76,49,45,1,'2024-09-30 15:45:02',NULL),(77,50,45,1,'2024-10-02 02:11:15',NULL),(78,45,50,1,'2024-10-02 02:11:15',NULL),(79,83,49,1,'2024-10-02 11:03:19',NULL),(80,49,83,1,'2024-10-02 11:03:19',NULL),(81,47,45,1,'2024-10-02 11:53:48',NULL),(82,45,47,1,'2024-10-02 11:53:48',NULL),(83,86,85,1,'2024-10-02 13:39:12',NULL),(84,85,86,1,'2024-10-02 13:39:12',NULL),(85,45,48,1,'2024-10-03 15:44:35',NULL),(86,48,45,1,'2024-10-03 15:44:35',NULL),(87,51,45,1,'2024-10-03 19:06:57',NULL),(88,45,51,1,'2024-10-03 19:06:57',NULL),(89,45,54,1,'2024-10-03 20:46:28',NULL),(90,54,45,1,'2024-10-03 20:46:28',NULL),(91,45,83,1,'2024-10-03 20:48:17',NULL),(92,83,45,1,'2024-10-03 20:48:17',NULL),(93,54,83,1,'2024-10-03 21:00:35',NULL),(94,83,54,1,'2024-10-03 21:00:35',NULL),(95,54,50,1,'2024-10-03 21:10:17',NULL),(96,50,54,1,'2024-10-03 21:10:17',NULL),(97,45,52,1,'2024-10-03 21:49:02',NULL),(98,52,45,1,'2024-10-03 21:49:02',NULL),(99,52,83,1,'2024-10-03 21:50:24',NULL),(100,83,52,1,'2024-10-03 21:50:24',NULL),(101,87,52,1,'2024-10-03 21:55:29',NULL),(102,52,87,1,'2024-10-03 21:55:29',NULL),(103,54,48,1,'2024-10-03 23:57:48',NULL),(104,48,54,1,'2024-10-03 23:57:48',NULL),(105,83,51,1,'2024-10-04 00:02:31',NULL),(106,51,83,1,'2024-10-04 00:02:31',NULL),(107,84,51,1,'2024-10-04 00:04:15',NULL),(108,51,84,1,'2024-10-04 00:04:15',NULL),(109,51,47,1,'2024-10-04 00:39:22',NULL),(110,47,51,1,'2024-10-04 00:39:22',NULL),(111,52,47,1,'2024-10-04 00:40:12',NULL),(112,47,52,1,'2024-10-04 00:40:12',NULL),(113,52,51,1,'2024-10-04 00:41:10',NULL),(114,51,52,1,'2024-10-04 00:41:10',NULL),(115,52,84,1,'2024-10-04 00:53:56',NULL),(116,84,52,1,'2024-10-04 00:53:56',NULL),(117,52,54,1,'2024-10-04 00:58:21',NULL),(118,54,52,1,'2024-10-04 00:58:21',NULL),(119,88,89,1,'2024-10-04 04:10:33',NULL),(120,89,88,1,'2024-10-04 04:10:33',NULL),(121,91,93,1,'2024-10-04 09:12:29',NULL),(122,93,91,1,'2024-10-04 09:12:29',NULL),(123,92,55,1,'2024-10-04 09:13:39',NULL),(124,55,92,1,'2024-10-04 09:13:39',NULL),(125,64,95,1,'2024-10-04 09:14:50',NULL),(126,95,64,1,'2024-10-04 09:14:50',NULL),(127,96,60,1,'2024-10-04 09:15:23',NULL),(128,60,96,1,'2024-10-04 09:15:23',NULL),(129,97,94,1,'2024-10-04 09:17:36',NULL),(130,94,97,1,'2024-10-04 09:17:36',NULL),(131,71,90,1,'2024-10-04 09:18:14',NULL),(132,90,71,1,'2024-10-04 09:18:14',NULL),(133,71,98,1,'2024-10-04 09:41:03',NULL),(134,98,71,1,'2024-10-04 09:41:03',NULL),(135,99,100,1,'2024-10-04 15:42:10',NULL),(136,100,99,1,'2024-10-04 15:42:10',NULL),(137,99,45,1,'2024-10-07 11:27:39',NULL),(138,45,99,1,'2024-10-07 11:27:39',NULL),(139,51,48,1,'2024-10-07 16:20:15',NULL),(140,48,51,1,'2024-10-07 16:20:15',NULL),(141,71,103,1,'2024-10-07 17:28:01',NULL),(142,103,71,1,'2024-10-07 17:28:01',NULL),(143,104,105,1,'2024-10-07 17:31:35',NULL),(144,105,104,1,'2024-10-07 17:31:35',NULL),(145,98,90,1,'2024-10-07 17:45:01',NULL),(146,90,98,1,'2024-10-07 17:45:01',NULL),(147,106,54,1,'2024-10-07 17:46:20',NULL),(148,54,106,1,'2024-10-07 17:46:20',NULL),(149,88,107,1,'2024-10-07 17:52:10',NULL),(150,107,88,1,'2024-10-07 17:52:10',NULL),(151,59,88,1,'2024-10-07 19:40:51',NULL),(152,88,59,1,'2024-10-07 19:40:51',NULL),(153,59,89,1,'2024-10-07 19:46:58',NULL),(154,89,59,1,'2024-10-07 19:46:58',NULL),(155,109,108,1,'2024-10-07 19:56:01',NULL),(156,108,109,1,'2024-10-07 19:56:01',NULL),(157,109,88,1,'2024-10-07 20:03:47',NULL),(158,88,109,1,'2024-10-07 20:03:47',NULL),(159,110,48,1,'2024-10-07 21:57:37',NULL),(160,48,110,1,'2024-10-07 21:57:37',NULL),(161,101,54,1,'2024-10-08 01:08:23',NULL),(162,54,101,1,'2024-10-08 01:08:23',NULL),(163,45,84,1,'2024-10-08 10:43:41',NULL),(164,84,45,1,'2024-10-08 10:43:41',NULL),(165,101,50,1,'2024-10-08 12:12:02',NULL),(166,50,101,1,'2024-10-08 12:12:02',NULL),(167,111,112,1,'2024-10-08 13:32:16',NULL),(168,112,111,1,'2024-10-08 13:32:16',NULL);
/*!40000 ALTER TABLE `friend` ENABLE KEYS */;
UNLOCK TABLES;

--
-- Table structure for table `friend_request`
--

DROP TABLE IF EXISTS `friend_request`;
/*!40101 SET @saved_cs_client     = @@character_set_client */;
/*!50503 SET character_set_client = utf8mb4 */;
CREATE TABLE `friend_request` (
  `id` int NOT NULL AUTO_INCREMENT,
  `request_user_id` int NOT NULL,
  `receive_user_id` int NOT NULL,
  `is_active` tinyint(1) NOT NULL DEFAULT '0',
  `created_at` timestamp NULL DEFAULT NULL,
  `updated_at` timestamp NULL DEFAULT NULL,
  PRIMARY KEY (`id`),
  KEY `fk_fr_req_id_idx` (`request_user_id`),
  KEY `fk_fr_rec_id_idx` (`receive_user_id`),
  CONSTRAINT `fk_fr_rec_id` FOREIGN KEY (`receive_user_id`) REFERENCES `user` (`user_id`),
  CONSTRAINT `fk_fr_req_id` FOREIGN KEY (`request_user_id`) REFERENCES `user` (`user_id`)
) ENGINE=InnoDB AUTO_INCREMENT=172 DEFAULT CHARSET=utf8mb4 COLLATE=utf8mb4_0900_ai_ci;
/*!40101 SET character_set_client = @saved_cs_client */;

--
-- Dumping data for table `friend_request`
--

LOCK TABLES `friend_request` WRITE;
/*!40000 ALTER TABLE `friend_request` DISABLE KEYS */;
INSERT INTO `friend_request` VALUES (23,22,38,0,'2024-09-11 11:15:35','2024-09-11 11:15:35'),(27,22,39,0,'2024-09-20 12:20:35','2024-09-20 16:36:36'),(29,40,38,0,'2024-09-20 13:44:36','2024-09-20 13:44:36'),(30,39,38,0,'2024-09-20 15:54:39','2024-09-20 16:05:09'),(31,39,38,0,'2024-09-20 16:05:50','2024-09-20 16:06:07'),(32,39,38,0,'2024-09-20 16:08:46','2024-09-20 16:08:50'),(33,39,38,0,'2024-09-20 16:09:20','2024-09-20 16:09:31'),(34,39,38,0,'2024-09-20 16:09:40','2024-09-20 16:09:44'),(35,39,38,0,'2024-09-20 16:11:24','2024-09-20 16:11:34'),(36,39,38,0,'2024-09-20 16:11:41','2024-09-20 16:11:44'),(37,39,38,0,'2024-09-20 16:12:25','2024-09-20 16:12:41'),(38,39,38,0,'2024-09-20 16:16:28','2024-09-20 16:16:42'),(39,39,38,0,'2024-09-20 16:16:46','2024-09-20 16:16:50'),(40,39,38,0,'2024-09-20 16:16:56','2024-09-20 16:16:59'),(41,39,38,0,'2024-09-20 16:17:39','2024-09-20 16:17:39'),(42,41,38,0,'2024-09-20 16:21:01','2024-09-20 16:21:01'),(43,42,38,0,'2024-09-20 16:22:43','2024-09-20 16:22:43'),(44,43,38,0,'2024-09-20 16:25:08','2024-09-20 16:25:08'),(45,44,38,0,'2024-09-20 16:33:42','2024-09-20 16:33:42'),(46,45,38,0,'2024-09-20 16:35:05','2024-09-20 16:35:08'),(47,45,38,0,'2024-09-20 16:35:13','2024-09-20 16:35:16'),(48,45,38,0,'2024-09-20 16:35:22','2024-09-20 16:35:22'),(50,45,39,0,'2024-09-20 16:36:12','2024-09-20 16:36:38'),(51,45,39,0,'2024-09-20 16:36:45','2024-09-20 16:36:48'),(52,45,39,0,'2024-09-20 16:36:56','2024-09-20 16:36:56'),(53,44,39,0,'2024-09-20 16:40:50','2024-09-20 16:41:02'),(54,44,39,0,'2024-09-20 16:41:07','2024-09-20 16:41:07'),(55,43,39,0,'2024-09-20 16:41:18','2024-09-20 16:41:34'),(56,42,39,0,'2024-09-20 16:41:23','2024-09-20 16:41:33'),(57,41,39,0,'2024-09-20 16:41:28','2024-09-20 16:41:32'),(58,41,39,0,'2024-09-20 16:41:39','2024-09-20 16:41:39'),(59,42,39,0,'2024-09-20 16:41:43','2024-09-20 16:41:43'),(60,43,39,0,'2024-09-20 16:41:46','2024-09-20 16:41:46'),(61,40,39,0,'2024-09-20 16:59:46','2024-09-20 16:59:54'),(62,41,40,1,'2024-09-23 09:45:33','2024-09-23 09:45:33'),(63,41,42,0,'2024-09-23 09:49:45','2024-09-23 09:49:53'),(64,42,41,0,'2024-09-23 09:49:58','2024-09-23 09:49:58'),(65,48,47,0,'2024-09-25 10:57:13','2024-09-25 10:57:13'),(66,42,49,0,'2024-09-25 11:59:40','2024-09-25 11:59:40'),(67,49,42,0,'2024-09-25 11:59:52','2024-09-25 11:59:52'),(68,47,49,0,'2024-09-25 14:36:16','2024-09-25 14:36:16'),(69,48,49,0,'2024-09-26 11:13:55','2024-09-26 11:13:55'),(70,47,42,1,'2024-09-26 11:42:59','2024-09-26 11:42:59'),(71,50,48,0,'2024-09-26 13:25:35','2024-09-26 13:25:35'),(72,50,49,0,'2024-09-26 23:27:24','2024-09-26 23:28:42'),(73,51,50,0,'2024-09-26 23:29:10','2024-09-26 23:29:10'),(74,51,49,0,'2024-09-26 23:45:28','2024-09-26 23:45:28'),(75,53,49,0,'2024-09-27 11:12:38','2024-09-27 11:12:38'),(76,49,52,0,'2024-09-27 17:00:24','2024-09-27 17:00:24'),(77,52,49,0,'2024-09-27 17:01:07','2024-09-27 17:01:07'),(78,56,59,0,'2024-09-27 17:06:21','2024-09-27 17:06:21'),(79,58,61,0,'2024-09-27 17:06:39','2024-09-27 17:06:39'),(80,66,61,0,'2024-09-27 17:06:53','2024-09-27 17:06:53'),(81,61,58,0,'2024-09-27 17:07:01','2024-09-27 17:07:01'),(82,65,69,0,'2024-09-27 17:07:16','2024-09-27 17:07:16'),(83,60,67,0,'2024-09-27 17:07:26','2024-09-27 17:07:26'),(84,68,70,0,'2024-09-27 17:07:45','2024-09-27 17:07:45'),(85,66,72,0,'2024-09-27 17:08:34','2024-09-27 17:08:34'),(86,63,66,0,'2024-09-27 17:08:40','2024-09-27 17:08:40'),(87,72,71,0,'2024-09-27 17:08:42','2024-09-27 17:08:42'),(88,62,75,0,'2024-09-27 17:09:02','2024-09-27 17:09:02'),(89,74,76,0,'2024-09-27 17:10:43','2024-09-27 17:10:43'),(90,64,77,0,'2024-09-27 17:12:07','2024-09-27 17:12:07'),(91,46,47,0,'2024-09-28 20:01:32','2024-09-28 20:01:32'),(92,45,40,1,'2024-09-30 12:31:11','2024-09-30 12:31:11'),(93,45,41,1,'2024-09-30 12:31:12','2024-09-30 12:31:12'),(94,45,42,1,'2024-09-30 12:31:12','2024-09-30 12:31:12'),(95,45,43,1,'2024-09-30 12:31:14','2024-09-30 12:31:14'),(96,45,44,1,'2024-09-30 12:31:15','2024-09-30 12:31:15'),(97,45,47,0,'2024-09-30 12:31:18','2024-09-30 12:31:18'),(98,45,48,0,'2024-09-30 12:31:18','2024-09-30 12:31:18'),(99,45,49,0,'2024-09-30 12:31:19','2024-09-30 12:31:19'),(100,45,50,0,'2024-09-30 12:31:19','2024-10-01 15:15:48'),(101,45,51,0,'2024-09-30 12:31:20','2024-09-30 12:31:20'),(102,45,52,0,'2024-09-30 12:31:21','2024-09-30 12:31:21'),(103,45,53,1,'2024-09-30 12:31:21','2024-09-30 12:31:21'),(104,49,45,0,'2024-09-30 15:44:58','2024-09-30 15:44:58'),(105,47,46,1,'2024-09-30 23:44:13','2024-09-30 23:44:13'),(106,45,50,0,'2024-10-02 02:11:01','2024-10-02 02:11:05'),(107,45,50,0,'2024-10-02 02:11:09','2024-10-02 02:11:09'),(108,51,84,0,'2024-10-02 09:52:10','2024-10-02 09:52:10'),(109,84,51,0,'2024-10-02 10:42:25','2024-10-02 10:42:25'),(110,49,83,0,'2024-10-02 11:03:14','2024-10-02 11:03:14'),(111,85,86,0,'2024-10-02 13:39:05','2024-10-02 13:39:05'),(112,48,45,0,'2024-10-03 15:44:32','2024-10-03 15:44:32'),(113,54,45,0,'2024-10-03 20:46:25','2024-10-03 20:46:25'),(114,83,45,0,'2024-10-03 20:48:13','2024-10-03 20:48:13'),(115,83,54,0,'2024-10-03 21:00:32','2024-10-03 21:00:32'),(116,50,54,0,'2024-10-03 21:10:13','2024-10-03 21:10:13'),(117,52,45,0,'2024-10-03 21:48:38','2024-10-03 21:48:38'),(118,83,52,0,'2024-10-03 21:50:18','2024-10-03 21:50:18'),(119,52,87,0,'2024-10-03 21:54:39','2024-10-03 21:54:39'),(120,48,54,0,'2024-10-03 23:57:30','2024-10-03 23:57:30'),(121,51,83,0,'2024-10-04 00:02:18','2024-10-04 00:02:18'),(122,47,51,0,'2024-10-04 00:39:17','2024-10-04 00:39:17'),(123,47,52,0,'2024-10-04 00:40:08','2024-10-04 00:40:08'),(124,51,52,0,'2024-10-04 00:41:05','2024-10-04 00:41:05'),(125,84,52,0,'2024-10-04 00:53:51','2024-10-04 00:53:51'),(126,54,52,0,'2024-10-04 00:58:17','2024-10-04 00:58:17'),(127,89,88,0,'2024-10-04 04:10:29','2024-10-04 04:10:29'),(128,93,91,0,'2024-10-04 09:12:21','2024-10-04 09:12:21'),(129,55,92,0,'2024-10-04 09:13:35','2024-10-04 09:13:35'),(130,95,64,0,'2024-10-04 09:14:02','2024-10-04 09:14:02'),(131,60,96,0,'2024-10-04 09:15:12','2024-10-04 09:15:12'),(132,94,97,0,'2024-10-04 09:17:27','2024-10-04 09:17:27'),(133,90,71,0,'2024-10-04 09:18:07','2024-10-04 09:18:07'),(134,98,71,0,'2024-10-04 09:40:20','2024-10-04 09:40:20'),(135,100,99,0,'2024-10-04 15:42:05','2024-10-04 15:42:05'),(136,101,50,0,'2024-10-06 23:58:16','2024-10-07 00:01:52'),(137,50,101,0,'2024-10-06 23:59:09','2024-10-07 00:02:07'),(138,101,50,0,'2024-10-07 00:02:47','2024-10-07 00:03:44'),(139,101,50,0,'2024-10-07 00:03:55','2024-10-07 00:04:25'),(140,101,50,0,'2024-10-07 00:05:30','2024-10-07 00:06:44'),(141,101,50,0,'2024-10-07 00:06:48','2024-10-07 00:17:18'),(142,101,50,0,'2024-10-07 00:37:00','2024-10-07 00:37:14'),(143,101,50,0,'2024-10-07 00:38:37','2024-10-07 00:38:41'),(144,50,101,0,'2024-10-07 00:39:30','2024-10-07 00:43:37'),(145,101,50,0,'2024-10-07 00:44:25','2024-10-07 00:44:33'),(146,101,50,0,'2024-10-07 00:44:46','2024-10-07 00:44:54'),(147,101,50,0,'2024-10-07 02:13:11','2024-10-08 12:11:54'),(148,45,99,0,'2024-10-07 11:27:34','2024-10-07 11:27:34'),(149,48,51,0,'2024-10-07 16:20:10','2024-10-07 16:20:10'),(150,103,71,0,'2024-10-07 17:27:56','2024-10-07 17:27:56'),(151,105,104,0,'2024-10-07 17:31:29','2024-10-07 17:31:29'),(152,90,98,0,'2024-10-07 17:44:26','2024-10-07 17:44:26'),(153,54,106,0,'2024-10-07 17:46:03','2024-10-07 17:46:03'),(154,107,88,0,'2024-10-07 17:52:06','2024-10-07 17:52:06'),(155,88,59,0,'2024-10-07 19:40:40','2024-10-07 19:40:40'),(156,88,97,1,'2024-10-07 19:40:41','2024-10-07 19:40:41'),(157,89,59,0,'2024-10-07 19:46:51','2024-10-07 19:46:51'),(158,108,109,0,'2024-10-07 19:55:52','2024-10-07 19:55:52'),(159,88,109,0,'2024-10-07 20:03:46','2024-10-07 20:03:46'),(160,48,110,0,'2024-10-07 21:54:38','2024-10-07 21:54:38'),(161,54,101,0,'2024-10-08 00:48:05','2024-10-08 00:48:13'),(162,54,101,0,'2024-10-08 01:07:59','2024-10-08 01:08:07'),(163,54,101,0,'2024-10-08 01:08:11','2024-10-08 01:08:14'),(164,54,101,0,'2024-10-08 01:08:17','2024-10-08 01:08:17'),(165,84,45,0,'2024-10-08 10:41:24','2024-10-08 10:41:39'),(166,84,45,0,'2024-10-08 10:41:45','2024-10-08 10:42:51'),(167,84,45,0,'2024-10-08 10:43:03','2024-10-08 10:43:03'),(168,50,101,0,'2024-10-08 12:11:59','2024-10-08 12:11:59'),(169,112,111,0,'2024-10-08 13:32:11','2024-10-08 13:32:11'),(170,49,101,0,'2024-10-08 14:14:22','2024-10-08 14:14:26'),(171,101,49,1,'2024-10-08 14:14:42','2024-10-08 14:14:42');
/*!40000 ALTER TABLE `friend_request` ENABLE KEYS */;
UNLOCK TABLES;

--
-- Table structure for table `metadata`
--

DROP TABLE IF EXISTS `metadata`;
/*!40101 SET @saved_cs_client     = @@character_set_client */;
/*!50503 SET character_set_client = utf8mb4 */;
CREATE TABLE `metadata` (
  `id` int NOT NULL AUTO_INCREMENT,
  `name` varchar(255) DEFAULT NULL,
  `description` text,
  `attributes` json DEFAULT NULL,
  `metadata_uri` varchar(255) DEFAULT NULL,
  `image_url` varchar(255) NOT NULL,
  `created_at` timestamp NULL DEFAULT CURRENT_TIMESTAMP,
  PRIMARY KEY (`id`)
) ENGINE=InnoDB AUTO_INCREMENT=31 DEFAULT CHARSET=utf8mb4 COLLATE=utf8mb4_0900_ai_ci;
/*!40101 SET character_set_client = @saved_cs_client */;

--
-- Dumping data for table `metadata`
--

LOCK TABLES `metadata` WRITE;
/*!40000 ALTER TABLE `metadata` DISABLE KEYS */;
INSERT INTO `metadata` VALUES (1,'테디','Bear #0','{\"color\": \"0\", \"character\": \"bear\"}','https://j11e107.p.ssafy.io/ipfs/QmZWoa85gy1ZqdFy32pRtfyyYi39d95DTUG8n1kmaimd9v','https://j11e107.p.ssafy.io/ipfs/QmethU9q6guy6BauLFcJwhhQCoWqZPKb9KWu58fkygWfy4','2024-09-26 01:06:12'),(2,'하늘 테디','Bear #1','{\"color\": \"1\", \"character\": \"bear\"}','https://j11e107.p.ssafy.io/ipfs/QmQ9HDtUdX46K435gFF9pcknRbfa63g4me9SiNECoTFFJJ','https://j11e107.p.ssafy.io/ipfs/QmYnLAJY1sVVV2SrSdL5VvudkjtVcvkBTuPgGf529pCwag','2024-09-26 01:09:51'),(3,'미끄럼틀이 시시한 레인보우 테디','Bear #2','{\"color\": \"2\", \"character\": \"bear\"}','https://j11e107.p.ssafy.io/ipfs/Qme42DbXRjLYXf4Dyx7va5htHHAM8dSFUzDbYJf1aM24FK','https://j11e107.p.ssafy.io/ipfs/QmaiUbqWWDteBLX36CeSKvgMiBjVCAZW1sLbe2JiN8REKv','2024-09-26 01:09:51'),(4,NULL,'Rabbit #0','{\"color\": \"0\", \"character\": \"rabbit\"}','https://j11e107.p.ssafy.io/ipfs/QmRWtMG3q54v8215qkB2RK6wobjMt69VtxTRNdSTAMjxav','https://j11e107.p.ssafy.io/ipfs/QmaANsP25xYMS8LDyvubqa8xkfoSefBwYoARSsWck3f7iW','2024-09-26 01:09:51'),(5,NULL,'Rabbit #1','{\"color\": \"1\", \"character\": \"rabbit\"}','https://j11e107.p.ssafy.io/ipfs/QmX7wB72wyFhRTDKZWhS7cC3N7fG8uvTcC3ZcvvP19Vh4n','https://j11e107.p.ssafy.io/ipfs/QmQDSdmRtLomQovsXECJwy6zK7uz5kLWu9MT9rSr9vbCE4','2024-09-26 01:09:51'),(6,NULL,'Rabbit #2','{\"color\": \"2\", \"character\": \"rabbit\"}','https://j11e107.p.ssafy.io/ipfs/QmSia4hFoJsb8gCnNWJEnGQfrhvaeWaR81rFixjmXSoGc3','https://j11e107.p.ssafy.io/ipfs/QmWcFb1bAxP6MpmaUuukoZDmYhVEz66sgFqSLuD87sY7io','2024-09-26 01:09:51'),(7,'동굴에서 탈출한 불곰 테디','Bear #3','{\"color\": \"3\", \"character\": \"bear\"}','https://j11e107.p.ssafy.io/ipfs/QmWbv5vViRUqotqt5qmHncm4T2yaiBswPhikT3VKViY2Hf','https://j11e107.p.ssafy.io/ipfs/QmeLBktEKR1Wm7xzaesKb8m7tdjPs7DZNqcPBng4Q2tzBC','2024-09-27 08:40:00'),(8,'여행을 좋아하는 노랑 테디','Bear #4','{\"color\": \"4\", \"character\": \"bear\"}','https://j11e107.p.ssafy.io/ipfs/QmaWJU2fYJKazjKouW9KwCAFbmcWLmvHy2ietehxgfw5uU','https://j11e107.p.ssafy.io/ipfs/QmcHj4DdCNpKEkgGrzeu8nhGDkCRmtzwUadv6Xr78jFFpp','2024-09-27 08:45:56'),(9,'100년 동안 죽순만 먹은 판다 테디','Bear #5','{\"color\": \"5\", \"character\": \"bear\"}','https://j11e107.p.ssafy.io/ipfs/Qme68T6ZQNCKA531TvM1QwK66esskBZQgPdXUaY7Vfv57z','https://j11e107.p.ssafy.io/ipfs/QmaQ4hA9BYjAYZx7rGxTyXW8PnGcGa71EfvRVSePsMTjnm','2024-09-30 02:00:11'),(10,NULL,'Rabbit #3','{\"color\": \"3\", \"character\": \"rabbit\"}','https://j11e107.p.ssafy.io/ipfs/Qma2kcpXjuyAKsd4NsSqdgt5LwDZ9o3MS67dfoL4q4oVZz','https://j11e107.p.ssafy.io/ipfs/QmdMB96uKiB5rZdNdC2TuZDWkQUcMi3TskSWvV7vmU32NH','2024-09-30 02:00:11'),(11,NULL,'Rabbit #4','{\"color\": \"4\", \"character\": \"rabbit\"}','https://j11e107.p.ssafy.io/ipfs/QmZxvn25a4WdDarJLkPGmH5Gfz8Xmzd2symZ2pgEf6GnSS','https://j11e107.p.ssafy.io/ipfs/QmXofSHr28gWEvHegYE8SmCbMwYvWti8oj2WdtynPxHSdH','2024-09-30 02:00:11'),(12,NULL,'Rabbit #5','{\"color\": \"5\", \"character\": \"rabbit\"}','https://j11e107.p.ssafy.io/ipfs/QmTL4ezDhC7dJos8cYCo55YMupyvhVJWgwG6Bc9xFmzgx5','https://j11e107.p.ssafy.io/ipfs/QmUtqdhFDvTeeFoUVVx2uUWQyx5pctGVPwbmtBefEZWr2y','2024-09-30 02:00:11'),(13,'부끄러움이 많은 코알라 테디','Bear #6','{\"color\": \"6\", \"character\": \"bear\"}','https://j11e107.p.ssafy.io/ipfs/QmWmnLjSXWmsQDZ3e6hb9DFsQCpzx67xnkiNaghEUT6uA5','https://j11e107.p.ssafy.io/ipfs/Qmf5nduvUXQyRhdxNHhGqY3ETEZwEYXGueaiSLDe21FJTi','2024-10-03 16:42:12'),(14,'낮보다 밤이 좋아 테디','Bear #7','{\"color\": \"7\", \"character\": \"bear\"}','https://j11e107.p.ssafy.io/ipfs/QmdVfuS3bQx4k6RfTZFaEbhkBUNLLcX9w1kE5mYdPA5KHH','https://j11e107.p.ssafy.io/ipfs/QmeWKCqzKGAaMFjdny7Nf5jFU72viTffJronvbL7HpVAs2','2024-10-03 16:42:12'),(15,'잠만 자 테디','Bear #8','{\"color\": \"8\", \"character\": \"bear\"}','https://j11e107.p.ssafy.io/ipfs/QmSuC1PCuMr7yghvZNRobMvgt5rx7ApcHASKhdfQETvNvY','https://j11e107.p.ssafy.io/ipfs/QmeLBktEKR1Wm7xzaesKb8m7tdjPs7DZNqcPBng4Q2tzBC','2024-10-03 16:42:12'),(16,'분위기 잡기 좋아하는 테디','Bear #9','{\"color\": \"9\", \"character\": \"bear\"}','https://j11e107.p.ssafy.io/ipfs/QmPBvKkEmVc7RXHGh6tDsXiWeUtyxmL3PJfVPGcmDMJTNj','https://j11e107.p.ssafy.io/ipfs/QmNNi3uFQc3cmoSuU5rS34hU9oZcnEUwFyBCs5LmbwELct','2024-10-03 16:42:12'),(17,'실로폰 싫어 내맘대로 테디','Bear #10','{\"color\": \"10\", \"character\": \"bear\"}','https://j11e107.p.ssafy.io/ipfs/QmdfpRFSyViJcajrZq6zUzZHTgxi3dr7vVBQFVdCeAQYYP','https://j11e107.p.ssafy.io/ipfs/QmRAyhWe6HvqyFAbJHXzNwPC9w233bf2AQCWNSNtK3ky2j','2024-10-03 16:42:12'),(18,'사랑에 빠진 하트 테디','Bear #11','{\"color\": \"11\", \"character\": \"bear\"}','https://j11e107.p.ssafy.io/ipfs/Qmf2hh7jxm74q7A2X5f61kDBTSWFC5wtY7nyC6oq7D8MN5','https://j11e107.p.ssafy.io/ipfs/QmWUkKgSkKJXGDKHG3mmfVRzv3t9afHpbj1d9H1v6FnuoJ','2024-10-03 16:42:12'),(19,'돈이 좋아 백만장자 테디','Bear #12','{\"color\": \"12\", \"character\": \"bear\"}','https://j11e107.p.ssafy.io/ipfs/QmVjTk8m3H4GEf8a1NenVurMc5raQEGandnTtZMDdQkFgv','https://j11e107.p.ssafy.io/ipfs/QmcsQZhGteNUefX8WFYWE8KPbh22ZQwvpmpj6gM4r3a1MS','2024-10-03 16:42:12'),(20,'선물 포장 실패한 산타 테디','Bear #13','{\"color\": \"13\", \"character\": \"bear\"}','https://j11e107.p.ssafy.io/ipfs/QmZYSbk7bCKdqU1xnHehjZDXDZDggYyReP6LmjQVhxpBTL','https://j11e107.p.ssafy.io/ipfs/QmUNXuNEVaCtgRfb8x3YY2MqvyqEWAZmMPk2CA8GJPWvRa','2024-10-03 16:42:12'),(21,'동굴에서 탈출한 불곰 테디','Bear #14','{\"color\": \"14\", \"character\": \"bear\"}','https://j11e107.p.ssafy.io/ipfs/QmNVwtSkw15ZUNDVBMhaUxWHVkwkTyweCZG4qLHyLjNw3m','https://j11e107.p.ssafy.io/ipfs/QmSkGpbFRfsZNf2GemwUqnp5GTAwfhDYTuPc2osaVfLhmK','2024-10-03 16:42:12'),(22,NULL,'Rabbit #6','{\"color\": \"6\", \"character\": \"rabbit\"}','https://j11e107.p.ssafy.io/ipfs/QmZrtHm81foKKwoXronNLA2SzFynkW8QsLcVoUq6mp2nxa','https://j11e107.p.ssafy.io/ipfs/QmfF2rKbsaiPQLLBKDjfpdHoPz6LLNnjsq9FRUU1SChC1s','2024-10-03 16:48:17'),(23,NULL,'Rabbit #7','{\"color\": \"7\", \"character\": \"rabbit\"}','https://j11e107.p.ssafy.io/ipfs/QmdGH81uvgYxHXpYPNBvH6mdKSTqRiZT3dBiSAR3ZsByDa','https://j11e107.p.ssafy.io/ipfs/QmTzCmDjJqEn58auaDtXjZh2DWxDdiQWuvVv89foCZY8B4','2024-10-03 16:48:17'),(24,NULL,'Rabbit #8','{\"color\": \"8\", \"character\": \"rabbit\"}','https://j11e107.p.ssafy.io/ipfs/QmTS5R9RQq9qNtoLrxFuhEZ31ERir5spCeERQ5j16zJhwH','https://j11e107.p.ssafy.io/ipfs/QmYvKz8xg9pvtGp2uBFvQZzdiFptHQCiwnRUZT8MJc1CpF','2024-10-03 16:48:18'),(25,NULL,'Rabbit #9','{\"color\": \"9\", \"character\": \"rabbit\"}','https://j11e107.p.ssafy.io/ipfs/QmPnqrYTsB6RAHvNVNYyNcuuBNuvN5YCx3KAw712VYxaH3','https://j11e107.p.ssafy.io/ipfs/QmdpG6AYe2wBMtWESWMPbSKBw6qFxHxYhSRHE8uuSpCgdB','2024-10-03 16:48:18'),(26,NULL,'Rabbit #10','{\"color\": \"10\", \"character\": \"rabbit\"}','https://j11e107.p.ssafy.io/ipfs/QmRg6tbErZjRfYbynU5DR8UE8pUe6Vf9UyTvySZHJixneS','https://j11e107.p.ssafy.io/ipfs/QmZne8ewmMhYLERkh5tfLHkxCufRF7oF4RrJhdsTRs5fxQ','2024-10-03 16:48:18'),(27,NULL,'Rabbit #11','{\"color\": \"11\", \"character\": \"rabbit\"}','https://j11e107.p.ssafy.io/ipfs/QmTR8Gi9rDduVuiipF8TtTbbZR1TLuDAwCtsQGM7neHjiH','https://j11e107.p.ssafy.io/ipfs/QmTme5kXSa1Mef4KarJUYzPKAA4Bjv8QuB3eL171QBE5Db','2024-10-03 16:48:18'),(28,NULL,'Rabbit #12','{\"color\": \"12\", \"character\": \"rabbit\"}','https://j11e107.p.ssafy.io/ipfs/QmZ35VCW8eGB9gcZusEptmWGS9jFWGUSgQMS8pBSHc4Sdt','https://j11e107.p.ssafy.io/ipfs/QmTpHugNw2dt3TiQ9NQCvpbBEeufVwHkUMATKuZ6NQsNEa','2024-10-03 16:48:18'),(29,NULL,'Rabbit #13','{\"color\": \"13\", \"character\": \"rabbit\"}','https://j11e107.p.ssafy.io/ipfs/QmYFLQ9DLWt4vAUAG4FTgfZNBykCPbgynaTWitGktHWbzB','https://j11e107.p.ssafy.io/ipfs/QmdLZ2pjMNtb4vv1J5uc7SSQL6gYY7yDvEXV2GPTxd7oC3','2024-10-03 16:48:18'),(30,NULL,'Rabbit #14','{\"color\": \"14\", \"character\": \"rabbit\"}','https://j11e107.p.ssafy.io/ipfs/QmWWBy3QX9DjgMVQkNUJECMjtRTfZKSDUbqXrSwXHENe4P','https://j11e107.p.ssafy.io/ipfs/QmRP89FrHsYZ8qShU67qbVFkVumFiiRnNyV7F64xJthRri','2024-10-03 16:48:18');
/*!40000 ALTER TABLE `metadata` ENABLE KEYS */;
UNLOCK TABLES;

--
-- Table structure for table `nft`
--

DROP TABLE IF EXISTS `nft`;
/*!40101 SET @saved_cs_client     = @@character_set_client */;
/*!50503 SET character_set_client = utf8mb4 */;
CREATE TABLE `nft` (
  `nft_id` int NOT NULL AUTO_INCREMENT,
  `token_id` int NOT NULL,
  `contract_address` varchar(255) NOT NULL,
  `owner_address` varchar(255) NOT NULL,
  `metadata_id` int NOT NULL,
  `token_type` enum('ERC-721','ERC-1155') NOT NULL,
  `user_id` int NOT NULL,
  `is_active` tinyint(1) DEFAULT '0',
  `minted_at` timestamp NULL DEFAULT CURRENT_TIMESTAMP,
  `updated_at` timestamp NULL DEFAULT NULL,
  PRIMARY KEY (`nft_id`),
  UNIQUE KEY `token_id_UNIQUE` (`token_id`),
  KEY `nfts_ibfk_1` (`metadata_id`),
  KEY `fk_nft_user_id_idx` (`user_id`),
  CONSTRAINT `fk_nft_user_id` FOREIGN KEY (`user_id`) REFERENCES `user` (`user_id`),
  CONSTRAINT `nfts_ibfk_1` FOREIGN KEY (`metadata_id`) REFERENCES `metadata` (`id`) ON DELETE RESTRICT
) ENGINE=InnoDB AUTO_INCREMENT=7 DEFAULT CHARSET=utf8mb4 COLLATE=utf8mb4_0900_ai_ci;
/*!40101 SET character_set_client = @saved_cs_client */;

--
-- Dumping data for table `nft`
--

LOCK TABLES `nft` WRITE;
/*!40000 ALTER TABLE `nft` DISABLE KEYS */;
INSERT INTO `nft` VALUES (1,0,'0xE8ACbD3b814B85a333DeB7cac7900F4e24782BC8','0x90a5DD66824D81bc5A0d41A31F188e35C6D27F3c',3,'ERC-721',45,0,'2024-09-27 04:31:50',NULL),(2,1,'0xE8ACbD3b814B85a333DeB7cac7900F4e24782BC8','0x90a5DD66824D81bc5A0d41A31F188e35C6D27F3c',2,'ERC-721',45,0,'2024-09-27 04:33:58',NULL),(3,2,'0xE8ACbD3b814B85a333DeB7cac7900F4e24782BC8','0x90a5dd66824d81bc5a0d41a31f188e35c6d27f3c',1,'ERC-721',45,0,'2024-09-27 07:57:57',NULL),(4,3,'0xE8ACbD3b814B85a333DeB7cac7900F4e24782BC8','0x90a5dd66824d81bc5a0d41a31f188e35c6d27f3c',7,'ERC-721',45,0,'2024-09-27 08:40:42',NULL),(5,4,'0xE8ACbD3b814B85a333DeB7cac7900F4e24782BC8','0x90a5dd66824d81bc5a0d41a31f188e35c6d27f3c',8,'ERC-721',45,0,'2024-09-27 08:46:33',NULL),(6,5,'0xE8ACbD3b814B85a333DeB7cac7900F4e24782BC8','0x90a5dd66824d81bc5a0d41a31f188e35c6d27f3c',6,'ERC-721',45,0,'2024-09-30 01:40:15',NULL);
/*!40000 ALTER TABLE `nft` ENABLE KEYS */;
UNLOCK TABLES;

--
-- Table structure for table `room`
--

DROP TABLE IF EXISTS `room`;
/*!40101 SET @saved_cs_client     = @@character_set_client */;
/*!50503 SET character_set_client = utf8mb4 */;
CREATE TABLE `room` (
  `room_id` int NOT NULL AUTO_INCREMENT,
  `host_id` int NOT NULL,
  `participant_id` int NOT NULL,
  `character_host` tinyint DEFAULT NULL,
  `character_participant` tinyint DEFAULT NULL,
  `is_cleared` tinyint(1) DEFAULT '0',
  `start_date` timestamp NULL DEFAULT CURRENT_TIMESTAMP,
  `clear_date` timestamp NULL DEFAULT NULL,
  `created_at` timestamp NULL DEFAULT CURRENT_TIMESTAMP,
  PRIMARY KEY (`room_id`),
  KEY `room_host_id_idx` (`host_id`),
  KEY `room_participant_id_idx` (`participant_id`),
  CONSTRAINT `room_host_id` FOREIGN KEY (`host_id`) REFERENCES `user` (`user_id`),
  CONSTRAINT `room_participant_id` FOREIGN KEY (`participant_id`) REFERENCES `user` (`user_id`)
) ENGINE=InnoDB AUTO_INCREMENT=621 DEFAULT CHARSET=utf8mb4 COLLATE=utf8mb4_0900_ai_ci;
/*!40101 SET character_set_client = @saved_cs_client */;

--
-- Dumping data for table `room`
--

LOCK TABLES `room` WRITE;
/*!40000 ALTER TABLE `room` DISABLE KEYS */;
INSERT INTO `room` VALUES (1,22,38,NULL,NULL,0,NULL,NULL,'2024-09-12 15:04:25'),(2,22,38,NULL,NULL,0,NULL,NULL,'2024-09-12 15:04:45'),(3,22,38,NULL,NULL,0,NULL,NULL,'2024-09-12 15:11:18'),(4,22,38,NULL,NULL,0,NULL,NULL,'2024-09-12 15:11:41'),(5,22,38,NULL,NULL,NULL,NULL,NULL,'2024-09-12 15:32:39'),(6,22,38,NULL,NULL,NULL,NULL,NULL,'2024-09-12 15:35:53'),(7,22,38,NULL,NULL,NULL,NULL,NULL,'2024-09-12 15:36:34'),(8,22,38,NULL,NULL,1,NULL,'2024-09-12 15:46:04','2024-09-12 15:38:12'),(9,22,38,NULL,NULL,0,NULL,NULL,'2024-09-12 15:44:56'),(10,22,38,NULL,NULL,0,'2024-09-12 15:45:45',NULL,'2024-09-12 15:45:45'),(11,22,38,0,1,0,'2024-09-12 16:57:46',NULL,'2024-09-12 16:57:46'),(12,22,38,0,3,0,'2024-09-12 16:58:01',NULL,'2024-09-12 16:58:01'),(13,22,38,0,0,0,'2024-09-12 16:58:10',NULL,'2024-09-12 16:58:10'),(14,22,38,0,3,0,'2024-09-12 17:01:33',NULL,'2024-09-12 17:01:33'),(15,22,38,0,0,0,'2024-09-12 17:05:34',NULL,'2024-09-12 17:05:34'),(16,22,38,0,3,0,'2024-09-12 17:05:38',NULL,'2024-09-12 17:05:38'),(17,22,38,0,3,0,'2024-09-12 17:05:41',NULL,'2024-09-12 17:05:41'),(18,22,38,0,3,0,'2024-09-12 17:05:43',NULL,'2024-09-12 17:05:43'),(19,22,38,0,0,0,'2024-09-12 17:07:16',NULL,'2024-09-12 17:07:16'),(20,22,38,0,0,0,'2024-09-12 17:07:42',NULL,'2024-09-12 17:07:42'),(21,22,38,0,0,0,'2024-09-12 17:07:47',NULL,'2024-09-12 17:07:47'),(22,22,38,0,0,0,'2024-09-12 17:09:21',NULL,'2024-09-12 17:09:21'),(23,22,38,0,3,0,'2024-09-12 17:09:24',NULL,'2024-09-12 17:09:24'),(24,22,38,0,3,0,'2024-09-12 17:11:11',NULL,'2024-09-12 17:11:11'),(25,22,38,0,0,0,'2024-09-12 17:11:14',NULL,'2024-09-12 17:11:14'),(26,22,38,0,3,0,'2024-09-12 17:11:16',NULL,'2024-09-12 17:11:16'),(27,22,38,0,3,0,'2024-09-12 17:12:48',NULL,'2024-09-12 17:12:48'),(28,22,38,0,3,1,'2024-09-12 17:13:08','2024-09-30 23:41:40','2024-09-12 17:13:08'),(29,22,38,0,3,0,'2024-09-12 17:54:15',NULL,'2024-09-12 17:54:15'),(30,42,41,2,1,0,'2024-09-23 14:09:44',NULL,'2024-09-23 14:09:44'),(31,48,47,1,2,0,'2024-09-25 10:57:46',NULL,'2024-09-25 10:57:46'),(32,48,47,1,2,0,'2024-09-25 10:57:49',NULL,'2024-09-25 10:57:49'),(33,47,48,1,2,0,'2024-09-25 11:05:04',NULL,'2024-09-25 11:05:04'),(34,42,49,1,2,0,'2024-09-25 12:17:46',NULL,'2024-09-25 12:17:46'),(35,42,49,1,2,0,'2024-09-25 12:20:43',NULL,'2024-09-25 12:20:43'),(36,48,47,1,2,0,'2024-09-25 12:29:13',NULL,'2024-09-25 12:29:13'),(37,48,47,1,2,0,'2024-09-25 12:33:48',NULL,'2024-09-25 12:33:48'),(38,48,47,1,2,0,'2024-09-25 12:35:10',NULL,'2024-09-25 12:35:10'),(39,48,47,1,2,0,'2024-09-25 12:36:33',NULL,'2024-09-25 12:36:33'),(40,48,47,1,2,0,'2024-09-25 12:42:45',NULL,'2024-09-25 12:42:45'),(41,49,42,1,2,0,'2024-09-25 14:30:58',NULL,'2024-09-25 14:30:58'),(42,49,47,1,2,0,'2024-09-25 14:36:40',NULL,'2024-09-25 14:36:40'),(43,48,47,2,1,0,'2024-09-25 15:32:02',NULL,'2024-09-25 15:32:02'),(44,48,47,1,2,0,'2024-09-25 15:37:50',NULL,'2024-09-25 15:37:50'),(45,48,47,1,2,0,'2024-09-25 15:40:39',NULL,'2024-09-25 15:40:39'),(46,48,47,1,2,0,'2024-09-25 15:44:50',NULL,'2024-09-25 15:44:50'),(47,48,47,1,2,0,'2024-09-25 15:55:03',NULL,'2024-09-25 15:55:03'),(48,48,47,1,2,0,'2024-09-25 15:56:37',NULL,'2024-09-25 15:56:37'),(49,48,47,1,2,0,'2024-09-25 15:59:35',NULL,'2024-09-25 15:59:35'),(50,48,47,1,2,0,'2024-09-25 16:03:50',NULL,'2024-09-25 16:03:50'),(51,48,47,1,2,0,'2024-09-25 16:05:20',NULL,'2024-09-25 16:05:20'),(52,48,47,1,2,0,'2024-09-25 16:07:50',NULL,'2024-09-25 16:07:50'),(53,48,47,1,2,0,'2024-09-25 16:17:53',NULL,'2024-09-25 16:17:53'),(54,48,47,1,2,0,'2024-09-25 16:21:28',NULL,'2024-09-25 16:21:28'),(55,49,47,1,2,0,'2024-09-25 16:23:26',NULL,'2024-09-25 16:23:26'),(56,48,47,1,2,0,'2024-09-25 16:24:41',NULL,'2024-09-25 16:24:41'),(57,48,47,1,2,0,'2024-09-25 16:26:50',NULL,'2024-09-25 16:26:50'),(58,48,47,1,2,0,'2024-09-25 16:29:57',NULL,'2024-09-25 16:29:57'),(59,48,47,1,2,0,'2024-09-26 09:17:18',NULL,'2024-09-26 09:17:18'),(60,48,47,1,2,0,'2024-09-26 09:22:06',NULL,'2024-09-26 09:22:06'),(61,47,48,1,2,0,'2024-09-26 09:33:23',NULL,'2024-09-26 09:33:23'),(62,48,47,2,1,0,'2024-09-26 09:39:38',NULL,'2024-09-26 09:39:38'),(63,48,47,1,2,0,'2024-09-26 09:48:21',NULL,'2024-09-26 09:48:21'),(64,48,47,1,2,0,'2024-09-26 10:40:00',NULL,'2024-09-26 10:40:00'),(65,48,47,1,2,0,'2024-09-26 10:41:49',NULL,'2024-09-26 10:41:49'),(66,48,49,2,1,0,'2024-09-26 11:14:12',NULL,'2024-09-26 11:14:12'),(67,48,49,1,2,0,'2024-09-26 11:26:51',NULL,'2024-09-26 11:26:51'),(68,47,49,2,1,0,'2024-09-26 11:43:45',NULL,'2024-09-26 11:43:45'),(69,47,48,1,2,0,'2024-09-26 12:19:32',NULL,'2024-09-26 12:19:32'),(70,48,47,1,2,0,'2024-09-26 12:30:08',NULL,'2024-09-26 12:30:08'),(71,50,48,2,1,0,'2024-09-26 13:26:13',NULL,'2024-09-26 13:26:13'),(72,48,47,1,2,0,'2024-09-26 13:50:53',NULL,'2024-09-26 13:50:53'),(73,48,47,2,1,0,'2024-09-26 14:14:00',NULL,'2024-09-26 14:14:00'),(74,48,47,1,2,0,'2024-09-26 14:16:05',NULL,'2024-09-26 14:16:05'),(75,48,47,2,1,0,'2024-09-26 14:29:40',NULL,'2024-09-26 14:29:40'),(76,48,47,1,2,0,'2024-09-26 14:31:03',NULL,'2024-09-26 14:31:03'),(77,48,47,1,2,0,'2024-09-26 14:38:52',NULL,'2024-09-26 14:38:52'),(78,48,47,1,2,0,'2024-09-26 15:36:12',NULL,'2024-09-26 15:36:12'),(79,48,47,1,2,0,'2024-09-26 15:42:11',NULL,'2024-09-26 15:42:11'),(80,48,47,1,2,0,'2024-09-26 15:47:04',NULL,'2024-09-26 15:47:04'),(81,48,47,1,2,0,'2024-09-26 15:52:37',NULL,'2024-09-26 15:52:37'),(82,48,47,1,2,0,'2024-09-26 15:59:26',NULL,'2024-09-26 15:59:26'),(83,48,50,1,2,0,'2024-09-26 16:38:30',NULL,'2024-09-26 16:38:30'),(84,48,50,1,2,0,'2024-09-26 16:39:57',NULL,'2024-09-26 16:39:57'),(85,48,47,1,2,0,'2024-09-26 17:15:12',NULL,'2024-09-26 17:15:12'),(86,53,54,0,3,0,'2024-09-26 17:35:26',NULL,'2024-09-26 17:35:26'),(87,50,51,2,1,0,'2024-09-26 23:29:39',NULL,'2024-09-26 23:29:39'),(88,49,51,1,2,0,'2024-09-26 23:52:06',NULL,'2024-09-26 23:52:06'),(89,49,51,1,2,0,'2024-09-26 23:52:08',NULL,'2024-09-26 23:52:08'),(90,49,51,1,2,0,'2024-09-26 23:53:19',NULL,'2024-09-26 23:53:19'),(91,49,51,1,2,0,'2024-09-26 23:53:21',NULL,'2024-09-26 23:53:21'),(92,49,51,1,2,0,'2024-09-26 23:54:04',NULL,'2024-09-26 23:54:04'),(93,48,47,1,2,0,'2024-09-27 08:44:47',NULL,'2024-09-27 08:44:47'),(94,48,47,1,2,0,'2024-09-27 09:33:41',NULL,'2024-09-27 09:33:41'),(95,48,47,2,1,0,'2024-09-27 09:39:23',NULL,'2024-09-27 09:39:23'),(96,48,47,2,1,0,'2024-09-27 09:47:33',NULL,'2024-09-27 09:47:33'),(97,48,47,1,2,0,'2024-09-27 09:55:32',NULL,'2024-09-27 09:55:32'),(98,48,47,1,2,0,'2024-09-27 10:11:28',NULL,'2024-09-27 10:11:28'),(99,48,47,2,1,0,'2024-09-27 10:40:10',NULL,'2024-09-27 10:40:10'),(100,48,47,1,2,0,'2024-09-27 10:42:54',NULL,'2024-09-27 10:42:54'),(101,48,47,1,2,0,'2024-09-27 10:57:48',NULL,'2024-09-27 10:57:48'),(102,48,47,1,2,0,'2024-09-27 11:06:18',NULL,'2024-09-27 11:06:18'),(103,49,47,2,1,0,'2024-09-27 11:07:21',NULL,'2024-09-27 11:07:21'),(104,47,49,2,1,0,'2024-09-27 11:09:53',NULL,'2024-09-27 11:09:53'),(105,48,47,1,2,0,'2024-09-27 11:12:23',NULL,'2024-09-27 11:12:23'),(106,53,49,2,1,0,'2024-09-27 11:12:51',NULL,'2024-09-27 11:12:51'),(107,53,49,2,1,0,'2024-09-27 11:14:25',NULL,'2024-09-27 11:14:25'),(108,53,49,2,1,0,'2024-09-27 11:17:15',NULL,'2024-09-27 11:17:15'),(109,48,47,1,2,0,'2024-09-27 11:21:12',NULL,'2024-09-27 11:21:12'),(110,48,47,1,2,0,'2024-09-27 11:23:37',NULL,'2024-09-27 11:23:37'),(111,48,47,1,2,0,'2024-09-27 11:36:19',NULL,'2024-09-27 11:36:19'),(112,48,47,1,2,0,'2024-09-27 11:40:20',NULL,'2024-09-27 11:40:20'),(113,48,47,1,2,0,'2024-09-27 11:46:24',NULL,'2024-09-27 11:46:24'),(114,48,47,1,2,0,'2024-09-27 11:50:40',NULL,'2024-09-27 11:50:40'),(115,48,47,1,2,0,'2024-09-27 11:58:30',NULL,'2024-09-27 11:58:30'),(116,48,47,1,2,0,'2024-09-27 12:05:38',NULL,'2024-09-27 12:05:38'),(117,48,47,1,2,0,'2024-09-27 12:09:49',NULL,'2024-09-27 12:09:49'),(118,48,47,1,2,0,'2024-09-27 12:30:01',NULL,'2024-09-27 12:30:01'),(119,53,49,2,1,0,'2024-09-27 12:37:03',NULL,'2024-09-27 12:37:03'),(120,48,47,1,2,0,'2024-09-27 12:42:17',NULL,'2024-09-27 12:42:17'),(121,53,49,1,2,0,'2024-09-27 12:46:38',NULL,'2024-09-27 12:46:38'),(122,48,47,2,1,0,'2024-09-27 13:22:15',NULL,'2024-09-27 13:22:15'),(123,48,47,1,2,0,'2024-09-27 13:27:51',NULL,'2024-09-27 13:27:51'),(124,49,53,2,1,0,'2024-09-27 13:28:48',NULL,'2024-09-27 13:28:48'),(125,49,53,1,2,0,'2024-09-27 13:31:38',NULL,'2024-09-27 13:31:38'),(126,48,47,1,2,0,'2024-09-27 13:47:25',NULL,'2024-09-27 13:47:25'),(127,48,47,1,2,0,'2024-09-27 13:54:09',NULL,'2024-09-27 13:54:09'),(128,49,53,1,2,0,'2024-09-27 14:15:39',NULL,'2024-09-27 14:15:39'),(129,48,47,1,2,0,'2024-09-27 14:17:55',NULL,'2024-09-27 14:17:55'),(130,49,53,1,2,0,'2024-09-27 14:20:15',NULL,'2024-09-27 14:20:15'),(131,49,53,1,2,0,'2024-09-27 14:21:54',NULL,'2024-09-27 14:21:54'),(132,49,53,1,2,0,'2024-09-27 14:23:58',NULL,'2024-09-27 14:23:58'),(133,49,53,2,1,0,'2024-09-27 14:26:38',NULL,'2024-09-27 14:26:38'),(134,49,53,1,2,0,'2024-09-27 14:32:28',NULL,'2024-09-27 14:32:28'),(135,49,53,1,2,0,'2024-09-27 15:20:58',NULL,'2024-09-27 15:20:58'),(136,49,53,1,2,0,'2024-09-27 15:45:49',NULL,'2024-09-27 15:45:49'),(137,52,49,1,2,0,'2024-09-27 17:01:18',NULL,'2024-09-27 17:01:18'),(138,58,61,1,2,0,'2024-09-27 17:07:35',NULL,'2024-09-27 17:07:35'),(139,60,67,2,1,0,'2024-09-27 17:07:51',NULL,'2024-09-27 17:07:51'),(140,69,65,1,2,0,'2024-09-27 17:08:16',NULL,'2024-09-27 17:08:16'),(141,70,68,2,1,0,'2024-09-27 17:08:22',NULL,'2024-09-27 17:08:22'),(142,59,56,2,1,0,'2024-09-27 17:08:28',NULL,'2024-09-27 17:08:28'),(143,66,63,2,1,0,'2024-09-27 17:10:31',NULL,'2024-09-27 17:10:31'),(144,75,62,1,2,0,'2024-09-27 17:10:43',NULL,'2024-09-27 17:10:43'),(145,74,76,1,2,0,'2024-09-27 17:11:39',NULL,'2024-09-27 17:11:39'),(146,72,71,2,1,1,'2024-09-27 17:12:10','2024-09-27 17:19:49','2024-09-27 17:12:10'),(147,77,64,1,2,0,'2024-09-27 17:12:49',NULL,'2024-09-27 17:12:49'),(148,69,65,1,2,0,'2024-09-27 17:14:12',NULL,'2024-09-27 17:14:12'),(149,48,47,1,2,0,'2024-09-29 01:50:05',NULL,'2024-09-29 01:50:05'),(150,48,47,2,1,0,'2024-09-29 01:59:43',NULL,'2024-09-29 01:59:43'),(151,48,47,1,2,0,'2024-09-29 02:04:06',NULL,'2024-09-29 02:04:06'),(152,48,47,2,1,0,'2024-09-29 02:08:53',NULL,'2024-09-29 02:08:53'),(153,48,47,1,2,0,'2024-09-29 02:12:46',NULL,'2024-09-29 02:12:46'),(154,48,47,1,2,0,'2024-09-29 02:27:40',NULL,'2024-09-29 02:27:40'),(155,48,47,1,2,0,'2024-09-29 02:49:37',NULL,'2024-09-29 02:49:37'),(156,48,47,1,2,0,'2024-09-29 02:54:57',NULL,'2024-09-29 02:54:57'),(157,48,47,1,2,0,'2024-09-29 02:57:08',NULL,'2024-09-29 02:57:08'),(158,48,47,1,2,0,'2024-09-29 03:02:46',NULL,'2024-09-29 03:02:46'),(159,48,47,1,2,0,'2024-09-29 03:05:33',NULL,'2024-09-29 03:05:33'),(160,48,47,1,2,0,'2024-09-29 03:07:48',NULL,'2024-09-29 03:07:48'),(161,48,47,1,2,0,'2024-09-29 03:11:21',NULL,'2024-09-29 03:11:21'),(162,48,47,1,2,0,'2024-09-29 03:25:40',NULL,'2024-09-29 03:25:40'),(163,48,47,1,2,0,'2024-09-29 03:27:38',NULL,'2024-09-29 03:27:38'),(164,48,47,1,2,0,'2024-09-29 03:32:32',NULL,'2024-09-29 03:32:32'),(165,48,47,1,2,0,'2024-09-29 03:38:01',NULL,'2024-09-29 03:38:01'),(166,48,47,1,2,0,'2024-09-29 03:43:19',NULL,'2024-09-29 03:43:19'),(167,48,47,1,2,0,'2024-09-29 03:55:37',NULL,'2024-09-29 03:55:37'),(168,48,47,1,2,0,'2024-09-29 04:02:56',NULL,'2024-09-29 04:02:56'),(169,48,47,1,2,0,'2024-09-29 04:14:50',NULL,'2024-09-29 04:14:50'),(170,48,47,1,2,0,'2024-09-29 04:53:20',NULL,'2024-09-29 04:53:20'),(171,48,47,1,2,0,'2024-09-29 04:57:17',NULL,'2024-09-29 04:57:17'),(172,48,47,1,2,0,'2024-09-29 05:00:18',NULL,'2024-09-29 05:00:18'),(173,48,47,1,2,0,'2024-09-29 05:06:50',NULL,'2024-09-29 05:06:50'),(174,48,47,1,2,0,'2024-09-29 05:10:04',NULL,'2024-09-29 05:10:04'),(175,48,47,1,2,0,'2024-09-29 05:16:02',NULL,'2024-09-29 05:16:02'),(176,48,49,2,1,0,'2024-09-30 09:28:05',NULL,'2024-09-30 09:28:05'),(177,48,47,2,1,0,'2024-09-30 09:31:07',NULL,'2024-09-30 09:31:07'),(178,48,47,2,1,0,'2024-09-30 09:36:29',NULL,'2024-09-30 09:36:29'),(179,48,47,2,1,0,'2024-09-30 09:42:20',NULL,'2024-09-30 09:42:20'),(180,47,48,2,1,0,'2024-09-30 09:53:16',NULL,'2024-09-30 09:53:16'),(181,48,47,1,2,0,'2024-09-30 10:11:07',NULL,'2024-09-30 10:11:07'),(182,48,49,2,1,0,'2024-09-30 12:03:10',NULL,'2024-09-30 12:03:10'),(183,48,49,2,1,0,'2024-09-30 12:04:33',NULL,'2024-09-30 12:04:33'),(184,49,47,1,2,0,'2024-09-30 12:17:52',NULL,'2024-09-30 12:17:52'),(185,48,49,2,1,0,'2024-09-30 12:18:35',NULL,'2024-09-30 12:18:35'),(186,48,49,2,1,0,'2024-09-30 12:19:47',NULL,'2024-09-30 12:19:47'),(187,48,49,2,1,0,'2024-09-30 12:22:12',NULL,'2024-09-30 12:22:12'),(188,48,49,2,1,0,'2024-09-30 12:24:45',NULL,'2024-09-30 12:24:45'),(189,48,49,2,1,0,'2024-09-30 12:28:31',NULL,'2024-09-30 12:28:31'),(190,49,47,2,1,0,'2024-09-30 12:40:30',NULL,'2024-09-30 12:40:30'),(191,49,47,1,2,0,'2024-09-30 14:10:31',NULL,'2024-09-30 14:10:31'),(192,49,47,1,2,0,'2024-09-30 14:24:52',NULL,'2024-09-30 14:24:52'),(193,49,47,1,2,0,'2024-09-30 14:27:37',NULL,'2024-09-30 14:27:37'),(194,49,47,1,2,0,'2024-09-30 14:28:48',NULL,'2024-09-30 14:28:48'),(195,49,47,2,1,0,'2024-09-30 15:00:54',NULL,'2024-09-30 15:00:54'),(196,49,47,1,2,0,'2024-09-30 15:07:06',NULL,'2024-09-30 15:07:06'),(197,49,47,1,2,0,'2024-09-30 15:28:43',NULL,'2024-09-30 15:28:43'),(198,49,47,1,2,0,'2024-09-30 15:35:42',NULL,'2024-09-30 15:35:42'),(199,49,47,1,2,0,'2024-09-30 15:38:21',NULL,'2024-09-30 15:38:21'),(200,49,45,1,2,0,'2024-09-30 15:45:11',NULL,'2024-09-30 15:45:11'),(201,48,49,1,2,0,'2024-09-30 15:49:51',NULL,'2024-09-30 15:49:52'),(202,53,54,0,3,0,'2024-09-30 23:43:17',NULL,'2024-09-30 23:43:17'),(203,49,47,1,2,0,'2024-10-01 15:09:41',NULL,'2024-10-01 15:09:41'),(204,49,47,1,2,0,'2024-10-01 15:16:56',NULL,'2024-10-01 15:16:56'),(205,49,47,1,2,0,'2024-10-01 15:21:27',NULL,'2024-10-01 15:21:27'),(206,49,47,1,2,0,'2024-10-01 17:28:45',NULL,'2024-10-01 17:28:45'),(207,48,47,2,1,0,'2024-10-01 17:33:53',NULL,'2024-10-01 17:33:53'),(208,49,47,1,2,0,'2024-10-01 17:43:59',NULL,'2024-10-01 17:43:59'),(209,49,47,1,2,0,'2024-10-01 17:57:41',NULL,'2024-10-01 17:57:41'),(210,49,47,1,2,0,'2024-10-01 18:20:05',NULL,'2024-10-01 18:20:05'),(211,49,47,2,1,0,'2024-10-01 18:33:34',NULL,'2024-10-01 18:33:34'),(212,49,47,2,1,0,'2024-10-01 18:47:44',NULL,'2024-10-01 18:47:44'),(213,49,47,2,1,0,'2024-10-01 18:54:24',NULL,'2024-10-01 18:54:24'),(214,49,47,2,1,0,'2024-10-01 19:00:51',NULL,'2024-10-01 19:00:51'),(215,49,47,2,1,0,'2024-10-01 19:15:10',NULL,'2024-10-01 19:15:10'),(216,49,47,2,1,0,'2024-10-01 19:18:59',NULL,'2024-10-01 19:18:59'),(217,49,47,2,1,0,'2024-10-01 19:25:30',NULL,'2024-10-01 19:25:30'),(218,45,49,1,2,0,'2024-10-02 09:21:40',NULL,'2024-10-02 09:21:40'),(219,49,45,1,2,0,'2024-10-02 09:30:48',NULL,'2024-10-02 09:30:48'),(220,49,45,1,2,0,'2024-10-02 09:32:25',NULL,'2024-10-02 09:32:25'),(221,49,45,1,2,0,'2024-10-02 09:39:53',NULL,'2024-10-02 09:39:53'),(222,49,45,1,2,0,'2024-10-02 09:43:52',NULL,'2024-10-02 09:43:52'),(223,49,45,1,2,0,'2024-10-02 09:45:37',NULL,'2024-10-02 09:45:37'),(224,49,45,1,2,0,'2024-10-02 09:54:46',NULL,'2024-10-02 09:54:46'),(225,49,45,1,2,0,'2024-10-02 09:58:07',NULL,'2024-10-02 09:58:07'),(226,49,45,2,1,0,'2024-10-02 09:59:41',NULL,'2024-10-02 09:59:41'),(227,49,45,2,1,0,'2024-10-02 10:01:33',NULL,'2024-10-02 10:01:33'),(228,49,45,2,1,0,'2024-10-02 10:03:06',NULL,'2024-10-02 10:03:06'),(229,49,45,1,2,0,'2024-10-02 10:15:12',NULL,'2024-10-02 10:15:12'),(230,49,45,1,2,0,'2024-10-02 10:21:56',NULL,'2024-10-02 10:21:56'),(231,49,45,1,2,0,'2024-10-02 10:48:28',NULL,'2024-10-02 10:48:28'),(232,49,45,1,2,0,'2024-10-02 10:50:39',NULL,'2024-10-02 10:50:39'),(233,49,45,1,2,0,'2024-10-02 10:58:46',NULL,'2024-10-02 10:58:46'),(234,49,83,1,2,0,'2024-10-02 11:03:30',NULL,'2024-10-02 11:03:30'),(235,49,83,1,2,0,'2024-10-02 11:06:08',NULL,'2024-10-02 11:06:08'),(236,49,83,1,2,0,'2024-10-02 11:09:40',NULL,'2024-10-02 11:09:40'),(237,49,83,1,2,0,'2024-10-02 11:18:22',NULL,'2024-10-02 11:18:22'),(238,49,83,1,2,0,'2024-10-02 11:20:29',NULL,'2024-10-02 11:20:29'),(239,83,49,1,2,0,'2024-10-02 11:21:51',NULL,'2024-10-02 11:21:51'),(240,49,83,1,2,0,'2024-10-02 11:41:09',NULL,'2024-10-02 11:41:09'),(241,49,83,1,2,0,'2024-10-02 11:49:59',NULL,'2024-10-02 11:49:59'),(242,83,49,2,1,0,'2024-10-02 11:54:09',NULL,'2024-10-02 11:54:09'),(243,83,49,1,2,0,'2024-10-02 11:55:13',NULL,'2024-10-02 11:55:13'),(244,83,49,1,2,0,'2024-10-02 11:57:14',NULL,'2024-10-02 11:57:14'),(245,83,49,1,2,0,'2024-10-02 12:02:34',NULL,'2024-10-02 12:02:34'),(246,85,86,1,2,0,'2024-10-02 13:39:32',NULL,'2024-10-02 13:39:32'),(247,83,49,2,1,0,'2024-10-02 13:45:03',NULL,'2024-10-02 13:45:03'),(248,85,86,1,2,0,'2024-10-02 13:45:28',NULL,'2024-10-02 13:45:28'),(249,49,83,1,2,0,'2024-10-02 14:04:53',NULL,'2024-10-02 14:04:53'),(250,49,83,1,2,0,'2024-10-02 14:15:04',NULL,'2024-10-02 14:15:04'),(251,83,49,2,1,0,'2024-10-02 14:32:02',NULL,'2024-10-02 14:32:02'),(252,83,49,1,2,0,'2024-10-02 14:33:15',NULL,'2024-10-02 14:33:15'),(253,83,49,1,2,0,'2024-10-02 14:34:46',NULL,'2024-10-02 14:34:46'),(254,47,45,2,1,0,'2024-10-02 14:46:09',NULL,'2024-10-02 14:46:09'),(255,83,49,1,2,0,'2024-10-02 14:49:56',NULL,'2024-10-02 14:49:56'),(256,47,45,2,1,0,'2024-10-02 14:55:37',NULL,'2024-10-02 14:55:37'),(257,83,49,1,2,0,'2024-10-02 14:56:38',NULL,'2024-10-02 14:56:38'),(258,83,49,1,2,0,'2024-10-02 15:00:23',NULL,'2024-10-02 15:00:23'),(259,83,49,1,2,0,'2024-10-02 15:08:07',NULL,'2024-10-02 15:08:07'),(260,47,45,2,1,0,'2024-10-02 15:09:54',NULL,'2024-10-02 15:09:54'),(261,83,49,1,2,0,'2024-10-02 15:18:07',NULL,'2024-10-02 15:18:07'),(262,83,49,1,2,0,'2024-10-02 15:21:24',NULL,'2024-10-02 15:21:24'),(263,83,49,1,2,0,'2024-10-02 15:24:22',NULL,'2024-10-02 15:24:22'),(264,83,49,1,2,0,'2024-10-02 15:25:31',NULL,'2024-10-02 15:25:31'),(265,83,49,1,2,0,'2024-10-02 15:29:04',NULL,'2024-10-02 15:29:04'),(266,47,45,1,2,0,'2024-10-02 15:31:21',NULL,'2024-10-02 15:31:21'),(267,83,49,1,2,0,'2024-10-02 15:32:03',NULL,'2024-10-02 15:32:03'),(268,83,49,1,2,0,'2024-10-02 15:40:23',NULL,'2024-10-02 15:40:23'),(269,83,49,1,2,0,'2024-10-02 15:50:36',NULL,'2024-10-02 15:50:36'),(270,83,49,1,2,0,'2024-10-02 15:53:52',NULL,'2024-10-02 15:53:52'),(271,47,45,2,1,0,'2024-10-02 15:55:12',NULL,'2024-10-02 15:55:12'),(272,83,49,1,2,0,'2024-10-02 15:56:18',NULL,'2024-10-02 15:56:18'),(273,47,45,1,2,0,'2024-10-02 16:05:45',NULL,'2024-10-02 16:05:45'),(274,83,49,1,2,0,'2024-10-02 16:09:13',NULL,'2024-10-02 16:09:13'),(275,83,49,1,2,0,'2024-10-02 16:10:36',NULL,'2024-10-02 16:10:36'),(276,83,49,1,2,0,'2024-10-02 16:13:05',NULL,'2024-10-02 16:13:05'),(277,49,83,1,2,0,'2024-10-02 16:18:03',NULL,'2024-10-02 16:18:03'),(278,83,49,1,2,0,'2024-10-02 16:19:47',NULL,'2024-10-02 16:19:47'),(279,83,49,1,2,0,'2024-10-02 16:21:22',NULL,'2024-10-02 16:21:22'),(280,83,49,1,2,0,'2024-10-02 16:22:43',NULL,'2024-10-02 16:22:43'),(281,83,49,1,2,0,'2024-10-02 16:27:25',NULL,'2024-10-02 16:27:25'),(282,83,49,1,2,0,'2024-10-02 16:34:34',NULL,'2024-10-02 16:34:34'),(283,83,49,1,2,0,'2024-10-02 16:42:04',NULL,'2024-10-02 16:42:04'),(284,83,49,1,2,0,'2024-10-02 16:44:11',NULL,'2024-10-02 16:44:11'),(285,83,49,1,2,0,'2024-10-02 16:47:04',NULL,'2024-10-02 16:47:04'),(286,83,49,1,2,0,'2024-10-02 17:01:02',NULL,'2024-10-02 17:01:02'),(287,83,49,1,2,0,'2024-10-02 17:05:07',NULL,'2024-10-02 17:05:07'),(288,83,49,1,2,0,'2024-10-02 17:10:50',NULL,'2024-10-02 17:10:50'),(289,83,49,1,2,0,'2024-10-02 17:13:06',NULL,'2024-10-02 17:13:06'),(290,83,49,1,2,0,'2024-10-02 17:17:19',NULL,'2024-10-02 17:17:19'),(291,83,49,1,2,0,'2024-10-02 17:51:17',NULL,'2024-10-02 17:51:17'),(292,83,49,1,2,0,'2024-10-02 17:53:57',NULL,'2024-10-02 17:53:57'),(293,83,49,1,2,0,'2024-10-02 17:56:57',NULL,'2024-10-02 17:56:57'),(294,48,49,1,2,0,'2024-10-03 13:59:01',NULL,'2024-10-03 13:59:01'),(295,48,49,2,1,0,'2024-10-03 14:00:50',NULL,'2024-10-03 14:00:50'),(296,48,49,2,1,0,'2024-10-03 14:05:15',NULL,'2024-10-03 14:05:15'),(297,48,49,2,1,0,'2024-10-03 14:25:17',NULL,'2024-10-03 14:25:17'),(298,83,49,1,2,0,'2024-10-03 14:34:01',NULL,'2024-10-03 14:34:01'),(299,83,49,1,2,0,'2024-10-03 14:37:39',NULL,'2024-10-03 14:37:39'),(300,83,49,1,2,0,'2024-10-03 14:39:40',NULL,'2024-10-03 14:39:40'),(301,83,49,1,2,0,'2024-10-03 14:41:10',NULL,'2024-10-03 14:41:10'),(302,83,49,1,2,0,'2024-10-03 14:42:41',NULL,'2024-10-03 14:42:41'),(303,83,49,1,2,0,'2024-10-03 14:45:09',NULL,'2024-10-03 14:45:09'),(304,48,49,2,1,0,'2024-10-03 15:02:29',NULL,'2024-10-03 15:02:29'),(305,48,49,1,2,0,'2024-10-03 15:04:57',NULL,'2024-10-03 15:04:57'),(306,48,49,2,1,0,'2024-10-03 15:07:51',NULL,'2024-10-03 15:07:51'),(307,83,49,1,2,0,'2024-10-03 15:09:13',NULL,'2024-10-03 15:09:13'),(308,83,49,2,1,0,'2024-10-03 15:10:11',NULL,'2024-10-03 15:10:11'),(309,48,49,2,1,0,'2024-10-03 15:10:48',NULL,'2024-10-03 15:10:48'),(310,83,49,2,1,0,'2024-10-03 15:11:48',NULL,'2024-10-03 15:11:48'),(311,83,49,2,1,0,'2024-10-03 15:13:08',NULL,'2024-10-03 15:13:08'),(312,48,49,2,1,0,'2024-10-03 15:20:34',NULL,'2024-10-03 15:20:34'),(313,48,49,2,1,0,'2024-10-03 15:29:38',NULL,'2024-10-03 15:29:38'),(314,83,49,2,1,0,'2024-10-03 15:33:50',NULL,'2024-10-03 15:33:50'),(315,83,49,2,1,0,'2024-10-03 15:36:32',NULL,'2024-10-03 15:36:32'),(316,83,49,1,2,0,'2024-10-03 15:39:13',NULL,'2024-10-03 15:39:13'),(317,83,49,2,1,0,'2024-10-03 15:41:28',NULL,'2024-10-03 15:41:28'),(318,48,49,2,1,0,'2024-10-03 15:41:56',NULL,'2024-10-03 15:41:56'),(319,83,49,1,2,0,'2024-10-03 15:43:53',NULL,'2024-10-03 15:43:53'),(320,48,45,1,2,0,'2024-10-03 15:44:44',NULL,'2024-10-03 15:44:44'),(321,83,49,1,2,0,'2024-10-03 15:48:56',NULL,'2024-10-03 15:48:56'),(322,48,45,2,1,0,'2024-10-03 15:53:23',NULL,'2024-10-03 15:53:23'),(323,83,49,1,2,0,'2024-10-03 15:55:12',NULL,'2024-10-03 15:55:12'),(324,83,49,1,2,0,'2024-10-03 15:57:18',NULL,'2024-10-03 15:57:18'),(325,83,49,2,1,0,'2024-10-03 15:58:23',NULL,'2024-10-03 15:58:23'),(326,49,83,1,2,0,'2024-10-03 15:59:20',NULL,'2024-10-03 15:59:20'),(327,48,45,2,1,0,'2024-10-03 16:00:01',NULL,'2024-10-03 16:00:01'),(328,83,49,2,1,0,'2024-10-03 16:12:23',NULL,'2024-10-03 16:12:23'),(329,48,45,1,2,0,'2024-10-03 16:14:25',NULL,'2024-10-03 16:14:25'),(330,48,45,2,1,0,'2024-10-03 16:19:22',NULL,'2024-10-03 16:19:22'),(331,83,49,2,1,0,'2024-10-03 16:22:04',NULL,'2024-10-03 16:22:04'),(332,48,45,2,1,0,'2024-10-03 16:43:17',NULL,'2024-10-03 16:43:17'),(333,83,49,1,2,0,'2024-10-03 16:50:05',NULL,'2024-10-03 16:50:05'),(334,48,45,2,1,0,'2024-10-03 16:50:23',NULL,'2024-10-03 16:50:23'),(335,48,45,2,1,0,'2024-10-03 17:24:46',NULL,'2024-10-03 17:24:46'),(336,83,49,1,2,0,'2024-10-03 17:25:27',NULL,'2024-10-03 17:25:27'),(337,83,49,1,2,0,'2024-10-03 17:27:22',NULL,'2024-10-03 17:27:22'),(338,48,45,2,1,0,'2024-10-03 17:28:36',NULL,'2024-10-03 17:28:36'),(339,48,45,2,1,0,'2024-10-03 17:30:07',NULL,'2024-10-03 17:30:07'),(340,83,49,1,2,0,'2024-10-03 17:37:37',NULL,'2024-10-03 17:37:37'),(341,83,49,1,2,0,'2024-10-03 17:40:42',NULL,'2024-10-03 17:40:42'),(342,83,49,1,2,0,'2024-10-03 18:19:57',NULL,'2024-10-03 18:19:57'),(343,83,49,1,2,0,'2024-10-03 18:22:04',NULL,'2024-10-03 18:22:04'),(344,83,49,1,2,0,'2024-10-03 18:23:49',NULL,'2024-10-03 18:23:49'),(345,48,45,2,1,0,'2024-10-03 18:41:07',NULL,'2024-10-03 18:41:07'),(346,83,49,1,2,0,'2024-10-03 18:49:00',NULL,'2024-10-03 18:49:00'),(347,83,49,1,2,0,'2024-10-03 19:08:14',NULL,'2024-10-03 19:08:14'),(348,83,49,1,2,0,'2024-10-03 19:09:23',NULL,'2024-10-03 19:09:23'),(349,83,49,1,2,0,'2024-10-03 19:14:49',NULL,'2024-10-03 19:14:49'),(350,83,49,1,2,0,'2024-10-03 19:19:21',NULL,'2024-10-03 19:19:21'),(351,49,83,1,2,0,'2024-10-03 19:23:50',NULL,'2024-10-03 19:23:50'),(352,83,49,1,2,0,'2024-10-03 19:25:57',NULL,'2024-10-03 19:25:57'),(353,48,45,2,1,0,'2024-10-03 19:40:00',NULL,'2024-10-03 19:40:00'),(354,48,45,1,2,0,'2024-10-03 19:43:07',NULL,'2024-10-03 19:43:07'),(355,48,45,1,2,0,'2024-10-03 19:45:22',NULL,'2024-10-03 19:45:22'),(356,83,49,1,2,0,'2024-10-03 19:45:54',NULL,'2024-10-03 19:45:54'),(357,83,49,1,2,0,'2024-10-03 19:47:19',NULL,'2024-10-03 19:47:19'),(358,83,49,1,2,0,'2024-10-03 19:56:38',NULL,'2024-10-03 19:56:38'),(359,83,49,1,2,0,'2024-10-03 20:04:35',NULL,'2024-10-03 20:04:35'),(360,83,49,1,2,0,'2024-10-03 20:14:48',NULL,'2024-10-03 20:14:48'),(361,83,49,1,2,0,'2024-10-03 20:21:44',NULL,'2024-10-03 20:21:44'),(362,83,49,1,2,0,'2024-10-03 20:26:55',NULL,'2024-10-03 20:26:55'),(363,83,49,1,2,0,'2024-10-03 20:34:15',NULL,'2024-10-03 20:34:15'),(364,83,49,1,2,0,'2024-10-03 20:41:04',NULL,'2024-10-03 20:41:04'),(365,83,49,1,2,0,'2024-10-03 20:51:37',NULL,'2024-10-03 20:51:37'),(366,48,45,1,2,0,'2024-10-03 21:02:01',NULL,'2024-10-03 21:02:01'),(367,48,45,2,1,0,'2024-10-03 21:06:50',NULL,'2024-10-03 21:06:50'),(368,83,49,1,2,0,'2024-10-03 21:08:49',NULL,'2024-10-03 21:08:49'),(369,83,49,1,2,0,'2024-10-03 21:11:25',NULL,'2024-10-03 21:11:25'),(370,83,49,1,2,0,'2024-10-03 21:16:37',NULL,'2024-10-03 21:16:37'),(371,83,49,1,2,0,'2024-10-03 21:19:55',NULL,'2024-10-03 21:19:55'),(372,83,49,1,2,0,'2024-10-03 21:25:48',NULL,'2024-10-03 21:25:48'),(373,48,45,2,1,0,'2024-10-03 21:34:44',NULL,'2024-10-03 21:34:44'),(374,48,45,2,1,0,'2024-10-03 21:38:07',NULL,'2024-10-03 21:38:07'),(375,83,49,1,2,0,'2024-10-03 21:39:35',NULL,'2024-10-03 21:39:35'),(376,48,45,1,2,0,'2024-10-03 21:42:51',NULL,'2024-10-03 21:42:51'),(377,48,45,2,1,0,'2024-10-03 21:47:13',NULL,'2024-10-03 21:47:13'),(378,83,49,1,2,0,'2024-10-03 21:51:06',NULL,'2024-10-03 21:51:06'),(379,87,52,2,1,0,'2024-10-03 21:56:01',NULL,'2024-10-03 21:56:01'),(380,48,47,2,1,0,'2024-10-03 21:57:09',NULL,'2024-10-03 21:57:09'),(381,83,49,1,2,0,'2024-10-03 21:58:07',NULL,'2024-10-03 21:58:07'),(382,52,87,2,1,0,'2024-10-03 21:59:15',NULL,'2024-10-03 21:59:15'),(383,48,47,2,1,0,'2024-10-03 22:01:31',NULL,'2024-10-03 22:01:31'),(384,83,49,1,2,0,'2024-10-03 22:05:53',NULL,'2024-10-03 22:05:53'),(385,48,47,2,1,0,'2024-10-03 22:06:56',NULL,'2024-10-03 22:06:56'),(386,52,87,2,1,0,'2024-10-03 22:11:37',NULL,'2024-10-03 22:11:37'),(387,52,87,2,1,0,'2024-10-03 22:18:08',NULL,'2024-10-03 22:18:08'),(388,83,49,1,2,0,'2024-10-03 22:26:57',NULL,'2024-10-03 22:26:57'),(389,52,87,2,1,0,'2024-10-03 22:40:18',NULL,'2024-10-03 22:40:18'),(390,52,87,2,1,0,'2024-10-03 22:40:20',NULL,'2024-10-03 22:40:20'),(391,52,87,2,1,0,'2024-10-03 22:40:20',NULL,'2024-10-03 22:40:20'),(392,52,87,2,1,0,'2024-10-03 22:40:20',NULL,'2024-10-03 22:40:20'),(393,52,87,2,1,0,'2024-10-03 22:45:28',NULL,'2024-10-03 22:45:28'),(394,49,45,1,2,0,'2024-10-03 23:12:44',NULL,'2024-10-03 23:12:44'),(395,49,45,2,1,0,'2024-10-03 23:15:38',NULL,'2024-10-03 23:15:38'),(396,54,83,1,2,0,'2024-10-03 23:16:51',NULL,'2024-10-03 23:16:51'),(397,54,83,2,1,0,'2024-10-03 23:21:21',NULL,'2024-10-03 23:21:21'),(398,49,45,2,1,0,'2024-10-03 23:21:44',NULL,'2024-10-03 23:21:44'),(399,54,83,1,2,0,'2024-10-03 23:25:01',NULL,'2024-10-03 23:25:01'),(400,54,83,1,2,0,'2024-10-03 23:27:40',NULL,'2024-10-03 23:27:40'),(401,54,83,1,2,0,'2024-10-03 23:42:52',NULL,'2024-10-03 23:42:52'),(402,54,83,1,2,0,'2024-10-03 23:47:01',NULL,'2024-10-03 23:47:01'),(403,83,49,1,2,0,'2024-10-03 23:56:41',NULL,'2024-10-03 23:56:41'),(404,48,54,1,2,0,'2024-10-03 23:58:00',NULL,'2024-10-03 23:58:00'),(405,83,51,1,2,0,'2024-10-04 00:02:40',NULL,'2024-10-04 00:02:40'),(406,83,51,2,1,0,'2024-10-04 00:03:52',NULL,'2024-10-04 00:03:52'),(407,48,54,2,1,0,'2024-10-04 00:06:35',NULL,'2024-10-04 00:06:35'),(408,48,54,2,1,0,'2024-10-04 00:24:19',NULL,'2024-10-04 00:24:19'),(409,47,52,1,2,0,'2024-10-04 00:43:17',NULL,'2024-10-04 00:43:17'),(410,54,52,2,1,0,'2024-10-04 00:58:32',NULL,'2024-10-04 00:58:32'),(411,88,89,1,2,0,'2024-10-04 04:10:55',NULL,'2024-10-04 04:10:55'),(412,88,89,1,2,0,'2024-10-04 04:39:52',NULL,'2024-10-04 04:39:52'),(413,70,68,2,1,0,'2024-10-04 09:11:28',NULL,'2024-10-04 09:11:28'),(414,93,91,1,2,0,'2024-10-04 09:13:41',NULL,'2024-10-04 09:13:41'),(415,92,55,2,1,0,'2024-10-04 09:13:52',NULL,'2024-10-04 09:13:52'),(416,62,75,1,2,0,'2024-10-04 09:13:53',NULL,'2024-10-04 09:13:53'),(417,64,95,1,2,0,'2024-10-04 09:15:03',NULL,'2024-10-04 09:15:03'),(418,60,96,2,1,0,'2024-10-04 09:15:34',NULL,'2024-10-04 09:15:34'),(419,97,94,1,2,0,'2024-10-04 09:18:19',NULL,'2024-10-04 09:18:19'),(420,90,71,2,1,0,'2024-10-04 09:18:28',NULL,'2024-10-04 09:18:28'),(421,98,71,2,1,0,'2024-10-04 09:41:49',NULL,'2024-10-04 09:41:49'),(422,94,97,2,1,0,'2024-10-04 11:16:06',NULL,'2024-10-04 11:16:06'),(423,48,45,2,1,0,'2024-10-04 11:44:16',NULL,'2024-10-04 11:44:16'),(424,48,45,1,2,0,'2024-10-04 11:48:14',NULL,'2024-10-04 11:48:14'),(425,45,48,1,2,0,'2024-10-04 11:51:45',NULL,'2024-10-04 11:51:45'),(426,48,45,2,1,0,'2024-10-04 12:00:19',NULL,'2024-10-04 12:00:19'),(427,48,45,1,2,0,'2024-10-04 12:09:19',NULL,'2024-10-04 12:09:19'),(428,52,45,2,1,0,'2024-10-04 12:19:04',NULL,'2024-10-04 12:19:04'),(429,52,45,2,1,0,'2024-10-04 12:19:06',NULL,'2024-10-04 12:19:06'),(430,52,45,2,1,0,'2024-10-04 12:19:06',NULL,'2024-10-04 12:19:06'),(431,45,52,1,2,0,'2024-10-04 12:20:00',NULL,'2024-10-04 12:20:00'),(432,48,49,1,2,0,'2024-10-04 12:21:15',NULL,'2024-10-04 12:21:15'),(433,49,45,1,2,0,'2024-10-04 13:30:59',NULL,'2024-10-04 13:30:59'),(434,48,45,1,2,0,'2024-10-04 14:49:35',NULL,'2024-10-04 14:49:35'),(435,83,49,1,2,0,'2024-10-04 15:10:18',NULL,'2024-10-04 15:10:18'),(436,83,49,1,2,0,'2024-10-04 15:11:34',NULL,'2024-10-04 15:11:34'),(437,83,49,1,2,0,'2024-10-04 15:13:17',NULL,'2024-10-04 15:13:17'),(438,83,45,1,2,0,'2024-10-04 15:23:12',NULL,'2024-10-04 15:23:12'),(439,83,49,1,2,0,'2024-10-04 15:40:38',NULL,'2024-10-04 15:40:38'),(440,100,99,2,1,0,'2024-10-04 15:42:23',NULL,'2024-10-04 15:42:23'),(441,100,99,2,1,0,'2024-10-04 15:55:03',NULL,'2024-10-04 15:55:03'),(442,100,99,2,1,0,'2024-10-04 16:00:57',NULL,'2024-10-04 16:00:57'),(443,100,99,2,1,0,'2024-10-04 16:07:39',NULL,'2024-10-04 16:07:39'),(444,100,99,2,1,0,'2024-10-04 16:09:38',NULL,'2024-10-04 16:09:38'),(445,51,84,1,2,0,'2024-10-04 16:10:28',NULL,'2024-10-04 16:10:28'),(446,51,84,1,2,0,'2024-10-04 16:11:25',NULL,'2024-10-04 16:11:25'),(447,100,99,2,1,0,'2024-10-04 16:11:39',NULL,'2024-10-04 16:11:39'),(448,100,99,2,1,0,'2024-10-04 16:13:46',NULL,'2024-10-04 16:13:46'),(449,83,49,1,2,0,'2024-10-04 16:15:52',NULL,'2024-10-04 16:15:52'),(450,100,99,2,1,0,'2024-10-04 16:22:11',NULL,'2024-10-04 16:22:11'),(451,100,99,2,1,0,'2024-10-04 16:30:24',NULL,'2024-10-04 16:30:24'),(452,100,99,2,1,0,'2024-10-04 16:43:44',NULL,'2024-10-04 16:43:44'),(453,100,99,2,1,0,'2024-10-04 16:46:49',NULL,'2024-10-04 16:46:49'),(454,100,99,2,1,0,'2024-10-04 16:54:57',NULL,'2024-10-04 16:54:57'),(455,100,99,2,1,0,'2024-10-04 17:21:36',NULL,'2024-10-04 17:21:36'),(456,100,99,2,1,0,'2024-10-04 17:30:28',NULL,'2024-10-04 17:30:28'),(457,100,99,2,1,0,'2024-10-04 17:36:50',NULL,'2024-10-04 17:36:50'),(458,100,99,2,1,0,'2024-10-04 17:42:19',NULL,'2024-10-04 17:42:19'),(459,100,99,2,1,0,'2024-10-04 17:45:52',NULL,'2024-10-04 17:45:52'),(460,49,45,2,1,0,'2024-10-05 01:47:42',NULL,'2024-10-05 01:47:42'),(461,49,45,2,1,0,'2024-10-05 01:52:30',NULL,'2024-10-05 01:52:30'),(462,49,45,2,1,0,'2024-10-05 02:03:13',NULL,'2024-10-05 02:03:13'),(463,49,45,2,1,0,'2024-10-05 02:16:56',NULL,'2024-10-05 02:16:56'),(464,49,45,2,1,0,'2024-10-05 14:53:31',NULL,'2024-10-05 14:53:31'),(465,49,45,2,1,0,'2024-10-05 14:57:37',NULL,'2024-10-05 14:57:37'),(466,49,45,2,1,0,'2024-10-05 15:03:39',NULL,'2024-10-05 15:03:39'),(467,49,45,2,1,0,'2024-10-05 15:22:48',NULL,'2024-10-05 15:22:48'),(468,49,83,2,1,0,'2024-10-05 16:17:26',NULL,'2024-10-05 16:17:26'),(469,49,45,2,1,0,'2024-10-05 17:23:23',NULL,'2024-10-05 17:23:23'),(470,49,45,2,1,0,'2024-10-05 17:29:45',NULL,'2024-10-05 17:29:45'),(471,49,45,2,1,0,'2024-10-05 17:38:39',NULL,'2024-10-05 17:38:39'),(472,49,45,2,1,0,'2024-10-05 17:43:08',NULL,'2024-10-05 17:43:08'),(473,49,45,2,1,0,'2024-10-05 17:48:41',NULL,'2024-10-05 17:48:41'),(474,49,45,2,1,0,'2024-10-05 17:56:24',NULL,'2024-10-05 17:56:24'),(475,49,45,2,1,0,'2024-10-05 18:00:50',NULL,'2024-10-05 18:00:50'),(476,49,45,2,1,0,'2024-10-05 18:10:36',NULL,'2024-10-05 18:10:36'),(477,49,45,2,1,0,'2024-10-05 18:11:27',NULL,'2024-10-05 18:11:27'),(478,49,45,1,2,0,'2024-10-05 18:14:39',NULL,'2024-10-05 18:14:39'),(479,49,45,2,1,1,'2024-10-05 18:41:17','2024-10-05 18:42:47','2024-10-05 18:41:17'),(480,49,45,2,1,0,'2024-10-05 19:25:42',NULL,'2024-10-05 19:25:42'),(481,49,45,2,1,0,'2024-10-05 19:29:23',NULL,'2024-10-05 19:29:23'),(482,49,45,2,1,1,'2024-10-05 19:39:21','2024-10-05 19:40:37','2024-10-05 19:39:21'),(483,49,45,2,1,0,'2024-10-05 19:49:18',NULL,'2024-10-05 19:49:18'),(484,45,49,1,2,0,'2024-10-05 19:58:49',NULL,'2024-10-05 19:58:49'),(485,45,49,1,2,1,'2024-10-05 20:00:05','2024-10-05 20:02:40','2024-10-05 20:00:05'),(486,45,49,1,2,1,'2024-10-05 20:10:58','2024-10-05 20:12:32','2024-10-05 20:10:58'),(487,45,49,1,2,1,'2024-10-05 20:17:13','2024-10-05 20:19:06','2024-10-05 20:17:13'),(488,45,49,1,2,0,'2024-10-05 20:24:15',NULL,'2024-10-05 20:24:15'),(489,45,49,1,2,0,'2024-10-05 20:33:52',NULL,'2024-10-05 20:33:52'),(490,45,49,1,2,1,'2024-10-05 20:40:10','2024-10-05 20:41:51','2024-10-05 20:40:10'),(491,49,45,2,1,0,'2024-10-05 20:44:33',NULL,'2024-10-05 20:44:33'),(492,54,50,1,2,0,'2024-10-06 01:32:57',NULL,'2024-10-06 01:32:57'),(493,54,50,1,2,0,'2024-10-06 01:37:28',NULL,'2024-10-06 01:37:28'),(494,50,54,2,1,0,'2024-10-06 02:17:23',NULL,'2024-10-06 02:17:23'),(495,54,50,2,1,0,'2024-10-06 02:33:52',NULL,'2024-10-06 02:33:52'),(496,54,50,2,1,0,'2024-10-06 02:34:53',NULL,'2024-10-06 02:34:53'),(497,54,50,2,1,0,'2024-10-06 02:39:21',NULL,'2024-10-06 02:39:21'),(498,50,54,2,1,0,'2024-10-06 02:40:50',NULL,'2024-10-06 02:40:50'),(499,50,54,2,1,0,'2024-10-06 02:41:29',NULL,'2024-10-06 02:41:29'),(500,50,54,1,2,0,'2024-10-06 02:42:10',NULL,'2024-10-06 02:42:10'),(501,50,54,2,1,0,'2024-10-06 02:45:24',NULL,'2024-10-06 02:45:24'),(502,50,54,2,1,0,'2024-10-06 03:01:47',NULL,'2024-10-06 03:01:47'),(503,50,54,1,2,0,'2024-10-06 03:02:32',NULL,'2024-10-06 03:02:32'),(504,50,54,2,1,0,'2024-10-06 03:05:10',NULL,'2024-10-06 03:05:10'),(505,50,54,2,1,0,'2024-10-06 03:06:45',NULL,'2024-10-06 03:06:45'),(506,50,54,2,1,0,'2024-10-06 03:07:54',NULL,'2024-10-06 03:07:54'),(507,50,54,1,2,0,'2024-10-06 03:15:19',NULL,'2024-10-06 03:15:19'),(508,50,54,2,1,0,'2024-10-06 03:15:39',NULL,'2024-10-06 03:15:39'),(509,50,54,1,2,0,'2024-10-06 03:21:05',NULL,'2024-10-06 03:21:05'),(510,50,54,2,1,0,'2024-10-06 03:21:22',NULL,'2024-10-06 03:21:22'),(511,83,49,1,2,0,'2024-10-06 12:26:44',NULL,'2024-10-06 12:26:44'),(512,83,49,1,2,0,'2024-10-06 12:32:47',NULL,'2024-10-06 12:32:47'),(513,83,49,1,2,1,'2024-10-06 12:49:12','2024-10-06 12:52:46','2024-10-06 12:49:12'),(514,83,49,1,2,0,'2024-10-06 14:01:48',NULL,'2024-10-06 14:01:48'),(515,83,49,1,2,0,'2024-10-06 14:05:09',NULL,'2024-10-06 14:05:09'),(516,83,49,1,2,0,'2024-10-06 14:14:59',NULL,'2024-10-06 14:14:59'),(517,83,49,1,2,0,'2024-10-06 14:18:15',NULL,'2024-10-06 14:18:15'),(518,83,49,1,2,0,'2024-10-06 14:20:39',NULL,'2024-10-06 14:20:39'),(519,83,49,1,2,1,'2024-10-06 14:31:09','2024-10-06 14:33:21','2024-10-06 14:31:09'),(520,83,49,1,2,1,'2024-10-06 14:39:30','2024-10-06 14:41:30','2024-10-06 14:39:30'),(521,83,49,1,2,1,'2024-10-06 14:44:24','2024-10-06 14:45:54','2024-10-06 14:44:24'),(522,83,49,1,2,0,'2024-10-06 15:00:28',NULL,'2024-10-06 15:00:28'),(523,83,49,1,2,1,'2024-10-06 15:04:58','2024-10-06 15:06:01','2024-10-06 15:04:58'),(524,83,49,1,2,1,'2024-10-06 15:10:02','2024-10-06 15:11:43','2024-10-06 15:10:02'),(525,83,49,1,2,0,'2024-10-06 15:13:18',NULL,'2024-10-06 15:13:18'),(526,83,49,1,2,0,'2024-10-06 15:17:46',NULL,'2024-10-06 15:17:46'),(527,83,49,1,2,1,'2024-10-06 15:23:14','2024-10-06 15:24:45','2024-10-06 15:23:14'),(528,83,49,1,2,0,'2024-10-07 09:38:10',NULL,'2024-10-07 09:38:10'),(529,83,49,1,2,0,'2024-10-07 09:40:21',NULL,'2024-10-07 09:40:21'),(530,83,49,1,2,0,'2024-10-07 09:48:25',NULL,'2024-10-07 09:48:25'),(531,48,45,2,1,0,'2024-10-07 09:51:36',NULL,'2024-10-07 09:51:36'),(532,83,49,1,2,0,'2024-10-07 09:54:29',NULL,'2024-10-07 09:54:29'),(533,83,49,1,2,0,'2024-10-07 09:59:52',NULL,'2024-10-07 09:59:52'),(534,100,99,2,1,0,'2024-10-07 10:01:31',NULL,'2024-10-07 10:01:31'),(535,100,99,2,1,0,'2024-10-07 10:04:03',NULL,'2024-10-07 10:04:03'),(536,100,99,2,1,0,'2024-10-07 10:05:42',NULL,'2024-10-07 10:05:42'),(537,100,99,2,1,0,'2024-10-07 10:12:44',NULL,'2024-10-07 10:12:44'),(538,83,49,2,1,0,'2024-10-07 10:23:32',NULL,'2024-10-07 10:23:32'),(539,83,49,1,2,0,'2024-10-07 10:27:21',NULL,'2024-10-07 10:27:21'),(540,83,49,1,2,0,'2024-10-07 10:29:23',NULL,'2024-10-07 10:29:23'),(541,52,45,2,1,0,'2024-10-07 10:36:40',NULL,'2024-10-07 10:36:40'),(542,100,99,2,1,0,'2024-10-07 10:36:57',NULL,'2024-10-07 10:36:57'),(543,100,99,2,1,0,'2024-10-07 10:39:30',NULL,'2024-10-07 10:39:30'),(544,100,99,2,1,0,'2024-10-07 10:41:49',NULL,'2024-10-07 10:41:49'),(545,52,45,2,1,0,'2024-10-07 10:43:48',NULL,'2024-10-07 10:43:48'),(546,100,99,2,1,0,'2024-10-07 10:45:14',NULL,'2024-10-07 10:45:14'),(547,100,99,2,1,0,'2024-10-07 10:48:06',NULL,'2024-10-07 10:48:06'),(548,100,99,2,1,0,'2024-10-07 10:55:04',NULL,'2024-10-07 10:55:04'),(549,100,99,2,1,0,'2024-10-07 10:57:52',NULL,'2024-10-07 10:57:52'),(550,100,99,2,1,0,'2024-10-07 10:59:50',NULL,'2024-10-07 10:59:50'),(551,100,99,2,1,0,'2024-10-07 11:01:08',NULL,'2024-10-07 11:01:08'),(552,83,49,1,2,0,'2024-10-07 11:08:10',NULL,'2024-10-07 11:08:10'),(553,45,54,1,2,0,'2024-10-07 11:10:09',NULL,'2024-10-07 11:10:09'),(554,83,49,1,2,0,'2024-10-07 11:10:35',NULL,'2024-10-07 11:10:35'),(555,45,54,1,2,0,'2024-10-07 11:10:38',NULL,'2024-10-07 11:10:38'),(556,45,54,1,2,1,'2024-10-07 11:11:34','2024-10-07 11:20:49','2024-10-07 11:11:34'),(557,83,49,1,2,0,'2024-10-07 11:19:10',NULL,'2024-10-07 11:19:10'),(558,45,99,2,1,0,'2024-10-07 11:27:50',NULL,'2024-10-07 11:27:50'),(559,51,84,2,1,0,'2024-10-07 11:29:16',NULL,'2024-10-07 11:29:16'),(560,45,54,1,2,1,'2024-10-07 11:31:12','2024-10-07 11:40:03','2024-10-07 11:31:12'),(561,54,45,1,2,0,'2024-10-07 11:49:23',NULL,'2024-10-07 11:49:23'),(562,45,54,1,2,0,'2024-10-07 11:52:23',NULL,'2024-10-07 11:52:23'),(563,48,45,1,2,1,'2024-10-07 12:35:00','2024-10-07 12:39:24','2024-10-07 12:35:00'),(564,48,45,2,1,1,'2024-10-07 13:34:56','2024-10-07 13:40:13','2024-10-07 13:34:56'),(565,100,99,2,1,0,'2024-10-07 14:08:49',NULL,'2024-10-07 14:08:49'),(566,100,99,2,1,0,'2024-10-07 14:11:43',NULL,'2024-10-07 14:11:43'),(567,51,84,2,1,0,'2024-10-07 14:14:36',NULL,'2024-10-07 14:14:36'),(568,100,99,2,1,0,'2024-10-07 14:16:53',NULL,'2024-10-07 14:16:53'),(569,51,84,2,1,0,'2024-10-07 14:22:22',NULL,'2024-10-07 14:22:22'),(570,100,99,2,1,0,'2024-10-07 14:23:20',NULL,'2024-10-07 14:23:20'),(571,100,99,2,1,1,'2024-10-07 14:35:59','2024-10-07 14:38:17','2024-10-07 14:35:59'),(572,51,84,2,1,0,'2024-10-07 15:09:05',NULL,'2024-10-07 15:09:05'),(573,51,84,2,1,0,'2024-10-07 15:16:27',NULL,'2024-10-07 15:16:27'),(574,51,84,1,2,0,'2024-10-07 15:19:07',NULL,'2024-10-07 15:19:07'),(575,83,49,1,2,0,'2024-10-07 15:48:17',NULL,'2024-10-07 15:48:17'),(576,83,49,1,2,0,'2024-10-07 15:48:21',NULL,'2024-10-07 15:48:21'),(577,83,49,1,2,0,'2024-10-07 15:48:27',NULL,'2024-10-07 15:48:27'),(578,83,49,1,2,1,'2024-10-07 15:50:03','2024-10-07 15:51:24','2024-10-07 15:50:03'),(579,83,49,1,2,0,'2024-10-07 15:55:08',NULL,'2024-10-07 15:55:08'),(580,51,84,2,1,1,'2024-10-07 16:04:18','2024-10-07 16:06:04','2024-10-07 16:04:18'),(581,51,84,1,2,1,'2024-10-07 16:08:11','2024-10-07 16:14:28','2024-10-07 16:08:11'),(582,51,84,2,1,0,'2024-10-07 16:12:00',NULL,'2024-10-07 16:12:00'),(583,48,51,2,1,1,'2024-10-07 16:20:26','2024-10-07 16:30:15','2024-10-07 16:20:26'),(584,52,45,2,1,1,'2024-10-07 16:31:48','2024-10-07 16:35:17','2024-10-07 16:31:48'),(585,52,45,2,1,0,'2024-10-07 16:39:03',NULL,'2024-10-07 16:39:03'),(586,51,84,1,2,0,'2024-10-07 16:49:33',NULL,'2024-10-07 16:49:33'),(587,48,54,2,1,1,'2024-10-07 16:51:40','2024-10-07 17:01:46','2024-10-07 16:51:40'),(588,71,103,1,2,1,'2024-10-07 17:28:11','2024-10-07 17:41:38','2024-10-07 17:28:11'),(589,52,45,2,1,0,'2024-10-07 17:28:33',NULL,'2024-10-07 17:28:33'),(590,105,104,2,1,0,'2024-10-07 17:31:48',NULL,'2024-10-07 17:31:48'),(591,98,90,1,2,0,'2024-10-07 17:45:13',NULL,'2024-10-07 17:45:13'),(592,54,106,2,1,0,'2024-10-07 17:46:36',NULL,'2024-10-07 17:46:36'),(593,107,88,2,1,0,'2024-10-07 17:52:24',NULL,'2024-10-07 17:52:24'),(594,89,59,1,2,0,'2024-10-07 20:10:01',NULL,'2024-10-07 20:10:01'),(595,48,110,1,2,1,'2024-10-07 21:59:15','2024-10-07 22:19:16','2024-10-07 21:59:15'),(596,48,110,2,1,1,'2024-10-07 22:22:06','2024-10-07 22:43:39','2024-10-07 22:22:06'),(597,83,45,1,2,1,'2024-10-08 09:24:29','2024-10-08 09:27:06','2024-10-08 09:24:29'),(598,45,83,1,2,0,'2024-10-08 10:32:31',NULL,'2024-10-08 10:32:31'),(599,84,45,1,2,1,'2024-10-08 10:43:54','2024-10-08 10:46:22','2024-10-08 10:43:54'),(600,84,45,1,2,0,'2024-10-08 10:46:39',NULL,'2024-10-08 10:46:39'),(601,45,99,1,2,0,'2024-10-08 11:27:59',NULL,'2024-10-08 11:27:59'),(602,45,99,1,2,0,'2024-10-08 11:35:50',NULL,'2024-10-08 11:35:50'),(603,48,45,1,2,1,'2024-10-08 11:45:15','2024-10-08 11:48:33','2024-10-08 11:45:15'),(604,49,45,1,2,0,'2024-10-08 11:56:18',NULL,'2024-10-08 11:56:18'),(605,49,45,2,1,0,'2024-10-08 12:04:16',NULL,'2024-10-08 12:04:16'),(606,50,101,1,2,0,'2024-10-08 12:12:13',NULL,'2024-10-08 12:12:13'),(607,45,49,1,2,0,'2024-10-08 12:12:38',NULL,'2024-10-08 12:12:38'),(608,50,101,1,2,0,'2024-10-08 12:12:56',NULL,'2024-10-08 12:12:56'),(609,101,50,1,2,0,'2024-10-08 12:13:33',NULL,'2024-10-08 12:13:33'),(610,50,101,1,2,0,'2024-10-08 12:14:59',NULL,'2024-10-08 12:14:59'),(611,49,45,2,1,0,'2024-10-08 12:18:46',NULL,'2024-10-08 12:18:46'),(612,48,54,1,2,0,'2024-10-08 12:31:11',NULL,'2024-10-08 12:31:11'),(613,49,45,2,1,0,'2024-10-08 12:34:55',NULL,'2024-10-08 12:34:55'),(614,48,54,1,2,0,'2024-10-08 12:40:34',NULL,'2024-10-08 12:40:34'),(615,112,111,1,2,1,'2024-10-08 13:32:32','2024-10-08 14:02:50','2024-10-08 13:32:32'),(616,45,99,1,2,0,'2024-10-08 14:40:11',NULL,'2024-10-08 14:40:11'),(617,45,99,1,2,0,'2024-10-08 14:52:31',NULL,'2024-10-08 14:52:31'),(618,45,99,1,2,0,'2024-10-08 14:54:59',NULL,'2024-10-08 14:54:59'),(619,49,45,1,2,0,'2024-10-08 15:04:31',NULL,'2024-10-08 15:04:31'),(620,45,99,2,1,0,'2024-10-08 15:09:34',NULL,'2024-10-08 15:09:34');
/*!40000 ALTER TABLE `room` ENABLE KEYS */;
UNLOCK TABLES;

--
-- Table structure for table `user`
--

DROP TABLE IF EXISTS `user`;
/*!40101 SET @saved_cs_client     = @@character_set_client */;
/*!50503 SET character_set_client = utf8mb4 */;
CREATE TABLE `user` (
  `user_id` int NOT NULL AUTO_INCREMENT,
  `email` varchar(255) NOT NULL,
  `username` varchar(50) NOT NULL,
  `password` varchar(255) NOT NULL,
  `last_stage` tinyint DEFAULT '0',
  `created_at` timestamp NULL DEFAULT CURRENT_TIMESTAMP,
  `updated_at` timestamp NULL DEFAULT NULL,
  `last_login` timestamp NULL DEFAULT NULL,
  `is_active` tinyint DEFAULT '1',
  `wallet_address` varchar(255) DEFAULT NULL,
  PRIMARY KEY (`user_id`),
  UNIQUE KEY `email_UNIQUE` (`email`),
  UNIQUE KEY `username_UNIQUE` (`username`),
  UNIQUE KEY `wallet_address_UNIQUE` (`wallet_address`),
  KEY `idx_user_username` (`username`)
) ENGINE=InnoDB AUTO_INCREMENT=113 DEFAULT CHARSET=utf8mb4 COLLATE=utf8mb4_0900_ai_ci;
/*!40101 SET character_set_client = @saved_cs_client */;

--
-- Dumping data for table `user`
--

LOCK TABLES `user` WRITE;
/*!40000 ALTER TABLE `user` DISABLE KEYS */;
INSERT INTO `user` VALUES (22,'test2','test2','$2a$10$C7gCbfAvQL1C0bPfjuydy.RQ7TZ4lqNEc6WsDGr2QBKyhYPfFiKZe',0,'2024-09-09 14:33:21',NULL,NULL,1,NULL),(38,'testhttps','testhttps','$2a$10$rid/sXDAeVxzgJ4FPl25Hu.Z/8RAltbeAP27tdRkn8WEDbG89U9/e',4,'2024-09-09 17:52:22',NULL,NULL,1,NULL),(39,'test23','test23','$2a$10$8fDbVmQvg.5NNs/tjO7ZSendWnyi1gJce2zz4qsXLUjxASD8iDUv.',0,'2024-09-09 17:57:58',NULL,NULL,1,NULL),(40,'user1','user1','$2a$10$HEP89RksmcsuzMbrutyaEuW2TVYNkPMc1sy0Z4u/cRRV8OWV2dFlu',0,'2024-09-10 14:28:05',NULL,NULL,1,NULL),(41,'user2','user2','$2a$10$Q7qAQk0BcpExpE4uXaoNheSohEXySJra/yEZhQc.f4ra2V9p6fqzO',0,'2024-09-10 14:32:07',NULL,NULL,1,NULL),(42,'asdf@naver.com','ttest','$2a$10$GF3Kj5SmJHI8UvVjS53EeO6.gY2EeBTIRn.kTNRzAIcQ1LTSKUXNO',0,'2024-09-10 16:07:04',NULL,NULL,1,NULL),(43,'sadasd@asd','user22','$2a$10$PahJpd6u3MBxAqh2qreX2um6TzLpSsPOfm0imSvSbFEifI1G3hDaa',0,'2024-09-10 16:08:52',NULL,NULL,1,NULL),(44,'security','security','$2a$10$m8whmrJwGG6E5dW.3SnyTusWomjuvlZJRuLRsNrDm.Rp0TOOUaHLS',0,'2024-09-19 09:37:08',NULL,NULL,1,NULL),(45,'1@1','1@1','$2a$10$a0ZF/YpucdVGtnJtE1ySm.mGY4h1KLNIDUefuq1HWwvSpESFnTjfa',4,'2024-09-19 10:42:12',NULL,NULL,1,'0x90a5dd66824d81bc5a0d41a31f188e35c6d27f3c'),(46,'djwlals@com','djwlals','$2a$10$6x/KsykGMeXXx0.Pu50qZ.jLcqCqTlhxVcMWZYSe0C6cnF/FuJJm2',0,'2024-09-23 14:59:09',NULL,NULL,1,NULL),(47,'djwlalssla@naver.com','어지민','$2a$10$s9cwMERa6kge9e6EiYk8HeYs9zc3.QPIWvFnnjARNRUivGGmThR7.',4,'2024-09-23 15:03:47',NULL,NULL,1,NULL),(48,'kimyeong3732@naver.com','힘든인간','$2a$10$y2rAY/xRQcqQ2pT7egVvw.dcf9kwOglKEfSJ9fkPy1ulymLi1EGP.',4,'2024-09-25 10:52:38',NULL,NULL,1,NULL),(49,'a@a','어지민a','$2a$10$ykYC7F/ywl3ceBaPl4YKo.4zGxEAlRrmoGev4Lr.kAA/nyuyidGcW',4,'2024-09-25 11:45:43',NULL,NULL,1,NULL),(50,'security2','security2','$2a$10$vddZr4cbzUAa36EEBJ3YxuwatjT9tKjQkgmetJpixJAG4vvOyXXOe',0,'2024-09-26 09:15:03',NULL,NULL,1,NULL),(51,'test5@test.com','test5','$2a$10$0v8SVVae9z3jdk67vTXFnO7SKy3fWh60HMAzK9TYHXvVEGeGtXaKa',4,'2024-09-26 11:28:56',NULL,NULL,1,NULL),(52,'kjd742388@gmail.com','도토리','$2a$10$4gKvvlpqJgOUHfoLrGJNA.nIfyyHq7xWtXOvhaT4MkT9wWZE/YuPy',4,'2024-09-26 14:19:34',NULL,NULL,1,NULL),(53,'eojm9388@gmail.com','어지민123','$2a$10$Ap0EXfH2J2/S7kNzscNsp.ddEQR3NqyaprzcTiFh2pWDGh.yZ6inq',3,'2024-09-26 16:28:31',NULL,NULL,1,NULL),(54,'hoyunji@naver.com','ZIHO','$2a$10$NSKQoqfZPgzdZ/vLSs//LuDTWBnnJfdz3PaUoudZ0UK6gPBy0mM..',4,'2024-09-26 17:16:41',NULL,NULL,1,NULL),(55,'pyh007264@gmail.com','보자보자','$2a$10$X/ZxeobLxFJ0tBGFrzjVA.FKh5nQGtvI3ft/SYFLCfsyy757dElPq',4,'2024-09-27 17:04:13',NULL,NULL,1,NULL),(56,'jeon78eun@naver.com','silverhappy','$2a$10$EoBnktULeQf3KjTdm0MAU.ndrTs1jd9ch9RHYaSUaGIJ1WqqvXOVK',4,'2024-09-27 17:04:36',NULL,NULL,1,NULL),(57,'ckdgh6589@naver.com','df','$2a$10$IEPCOINE835dEG.yDS/cgeKEdPUoMo887Sxueke0rfSIXhuaYve2y',0,'2024-09-27 17:04:42',NULL,NULL,1,NULL),(58,'andyandy0409@naver.com','jwjw','$2a$10$ABRQNZQbAUi8SMYGpQMXx.mJJIa512WFsTpAu22gnz58JqVOxTaC2',3,'2024-09-27 17:04:52',NULL,NULL,1,NULL),(59,'ssafybada@gmail.com','바다가보이는집','$2a$10$urpwyHadb7ZKU1i8EpWzveJ16OSlNZguI7ZstoWuu2qKjSQuTQqKq',4,'2024-09-27 17:04:53',NULL,NULL,1,NULL),(60,'ehdgus3726@naver.com','부울경물주먹김종덕','$2a$10$9JK1uRwjfElTuD.EcrklXeuBBEPvO3jvYUmsZRmZYmYcCxrGWPVrW',4,'2024-09-27 17:05:04',NULL,NULL,1,NULL),(61,'lkm98401@gmail.com','이공','$2a$10$OhrmisOt6p97QGHRcwKt5OTbfImpmMdXRRkk3Ab7CNuIVEAVVk2D2',3,'2024-09-27 17:05:09',NULL,NULL,1,NULL),(62,'rain5191@naver.com','이강우','$2a$10$E4GNQJmcOjv98c8cHnQ3euzT4Z7UaZcLatxyXeyg8TfaWq9KrlIIq',4,'2024-09-27 17:05:17',NULL,NULL,1,NULL),(63,'ckdgh6589@anvr.ocm','어지민개뿌셔','$2a$10$WEBfSNDlojxLZzfm/KkrAOgxSp4tiFyXkAlPaaKhfB3GoUza/GbE.',3,'2024-09-27 17:05:26',NULL,NULL,1,NULL),(64,'sungwoo166@gmail.com','hennible0612','$2a$10$7jMvBQOtF7boApG.9.UYz.EGoIambUzChvzPPwtsXtXUzDJJd27VK',4,'2024-09-27 17:05:37',NULL,NULL,1,NULL),(65,'ckalswn007@naver.com','참','$2a$10$b8t/y/EOTjN1MYTdEFy4zeyKer2jPid1tBJzZu8ZQmQw9/vmWUg0u',4,'2024-09-27 17:05:56',NULL,NULL,1,NULL),(66,'asd@asd.com','asdasd','$2a$10$o2/6LcQ62mEG8p6qtv/aqO5KDw/yroXRePMUd5.mBoz053IRJc2iC',3,'2024-09-27 17:06:10',NULL,NULL,1,NULL),(67,'there2989@naver.com','there2989','$2a$10$.iczrQBwpBS4xth2BnalF.rH3YmN3Jbj6FVTLqvNHn9S6jmuW3To.',4,'2024-09-27 17:06:31',NULL,NULL,1,NULL),(68,'dnanf12345@gmail.com','우즈베키스탄거지','$2a$10$.Fqw64kos4gu0iSoSMwryeHypim2HXxLJpwlqozHC9sRfj.ZGUq4G',4,'2024-09-27 17:06:42',NULL,NULL,1,NULL),(69,'dltkdgus482@naver.com','박지훈','$2a$10$vE.ECRmXSGRPxJA7VpJczOZEWt318tHY1EqqaxcUPIbCoGUXp9jhe',4,'2024-09-27 17:07:03',NULL,NULL,1,NULL),(70,'rtson24@naver.com','뚜니또','$2a$10$iqx0w3fuTVsbGcDnR20THOnopVtHA5K9FGmWCarXQOK5H5/8PYBii',4,'2024-09-27 17:07:07',NULL,NULL,1,NULL),(71,'jbs990609@naver.com','Bean','$2a$10$twRWq1jaozhw9u0BcP.yC.9kszYcZL64nDOySf34qJUDxgwy3YJ62',4,'2024-09-27 17:07:47',NULL,NULL,1,NULL),(72,'happy.ss1525@gmail.com','잠자는 승지','$2a$10$IHnxdBDpHWWwqfD5cNvNmeRUQIdHWfYxO5eAHGq9EHji3mFVRdsg6',4,'2024-09-27 17:07:53',NULL,NULL,1,NULL),(73,'jbss0708@gmail.com','PyEthan','$2a$10$no3eLrIQBem3j0aY7z0rDeJhu3tifn4EXgJSrO7anlQH7qTGR4.Sq',0,'2024-09-27 17:08:04',NULL,NULL,1,NULL),(74,'ssafy@ssafy.com','김아무개','$2a$10$769.rpqAfbXB.WxLM.W/7e4L.Z27SgONZ4F9HTEu8hC5kZSxajs.a',4,'2024-09-27 17:08:35',NULL,NULL,1,NULL),(75,'picel@picel.net','picel','$2a$10$1n57eCuBc0ah8jBjaAG6veGcdT72/UVH7RSNW.MhgSlYA0Lu.0EWm',4,'2024-09-27 17:08:49',NULL,NULL,1,NULL),(76,'tpwls1355@naver.com','tpwlstest','$2a$10$imboTXf8F4C/y1roCc8ifuEp49XKkT/Cm/nWn1yPD3O7r4g2qPfSa',4,'2024-09-27 17:10:41',NULL,NULL,1,NULL),(77,'limkt0925@naver.com','ㅎㅇ','$2a$10$O917sqKo4xvU4dm11x/lw.6iiwJ0nTM6Cf4cayaHWAUvZ27LfV10K',4,'2024-09-27 17:11:55',NULL,NULL,1,NULL),(81,'skintest','skintest','$2a$10$L3Sju5oiPuAAlfTx/DirnOyW0NxaCprxeiUB7jWNC72Ao0t9uzqHK',0,'2024-09-30 15:17:33',NULL,NULL,1,NULL),(82,'skintest2','skintest2','$2a$10$nStOum6w97mdLw/WNEM.TOfOX1RSYirJfhEUjTc5Lw2R.qFvJd5/G',0,'2024-09-30 15:30:41',NULL,NULL,1,NULL),(83,'2@2','2@2','$2a$10$nz0kvbTeqsSJY/mIuxjjReWeO11lhVDyyBRHdSQ1vbbqmPbvzb28q',4,'2024-10-02 09:21:41',NULL,NULL,1,NULL),(84,'test6@test.com','test6','$2a$10$ye3nLweGVE75KDfsfaZ.x.Yq92V2avv1vhpgl/M7yKjzFunxe82Xe',4,'2024-10-02 09:51:25',NULL,NULL,1,NULL),(85,'kjklovekhw@naver.com','구현우','$2a$10$abLzG7plWPR.RkzhKD2h7uV.B4zFhGJyhQFDg/9eo415JtGT57x7i',4,'2024-10-02 12:46:45',NULL,NULL,1,NULL),(86,'subin57419@gmail.com','수빙수','$2a$10$lfZMQ9iujMljyx4gScyEPOAa8GR1lrvWBEOwklwbyQA.u5HSM93O.',4,'2024-10-02 13:37:26',NULL,NULL,1,NULL),(87,'test3','test3','$2a$10$V3FuztjJ9ZLHbEZ/M7yPreJETEMF4wwrpFIl2oCG/7bG9DZRsnk4y',0,'2024-10-03 21:53:30',NULL,NULL,1,NULL),(88,'audtjd1893@gmail.com','thingco','$2a$10$si0Id7fgzEcwbMe3c16g7u9hItAFCkRPlrYw/LB8DagqTGPnv2vWq',2,'2024-10-04 04:07:55',NULL,NULL,1,NULL),(89,'thingseong5221@gmail.com','thingco2','$2a$10$LB.lZ3UpgPD3em.4LjEpo.1kOw86cwawQL7DL9hXKUN4KPf7Qr1Pu',0,'2024-10-04 04:10:09',NULL,NULL,1,NULL),(90,'qkrdusgn00@naver.com','테스트중입니다.','$2a$10$am1N8CI/p1gQYDXlJp/jweLH1WM4hgcHJRtUu1ZuyOc42fo7chKH6',4,'2024-10-04 09:06:42',NULL,NULL,1,NULL),(91,'zlxlgus123@naver.com','ssafy','$2a$10$eAJ/Fn5quChaspWkmpBVTeyBTkfIZ.GdSdbSZ5QOXSCF1e0uITZRu',4,'2024-10-04 09:10:37',NULL,NULL,1,NULL),(92,'ehdghks9719@naver.com','kimdonghwan','$2a$10$r4X1mPcf/dnl4aHWK0RFSeB8WO/Hloi8En3KovslxhXcmPV8mh3we',4,'2024-10-04 09:10:49',NULL,NULL,1,NULL),(93,'sonqowns2@naver.com','손배준','$2a$10$lTm.0J//sbRbbPJAIfCSkuBK85R2a4imi3BOG3FRvmQRdB9vTFg1W',4,'2024-10-04 09:11:01',NULL,NULL,1,NULL),(94,'jeon78eun@gmail.com','eunhuicoach','$2a$10$1WsFKdC0krUcMezxtNhftey2G6zZpEhy0StFusAHEvHS3SKBd43/e',4,'2024-10-04 09:11:44',NULL,NULL,1,NULL),(95,'fosong98@pusan.ac.kr','jaedoo','$2a$10$0RfGmQ9ojrT7UMGGnJw8/unMaZcdgl8b24cXOE1e0RuwnM894zuqq',3,'2024-10-04 09:13:06',NULL,NULL,1,NULL),(96,'ever618@naver.com','김지환','$2a$10$fVal.I3fKpGN7lc0W6jb../uvuMlKI2P1s02S9LcIE3aQAjCJZyn.',4,'2024-10-04 09:14:28',NULL,NULL,1,NULL),(97,'diduedidue@naver.com','바다가보이는집2','$2a$10$oxY8f4vZ6XMtTshX1IiaROk9wwyBe0yYH4vmFx1U7XktrozXuLy1i',4,'2024-10-04 09:16:50',NULL,NULL,1,NULL),(98,'zxader@naver.com','zxader','$2a$10$QePoLhJMq3QP6K009lolTevISTtaC3Ksy9I5WovZZcSlf05F6BSXq',4,'2024-10-04 09:21:13',NULL,NULL,1,NULL),(99,'1','1','$2a$10$p4vhKq70Zdu7AWl/YUtTB.fbK9q1juymYjrczZeiWVYTkT5KqU2si',4,'2024-10-04 06:02:50',NULL,NULL,1,NULL),(100,'2','2','$2a$10$p4vhKq70Zdu7AWl/YUtTB.fbK9q1juymYjrczZeiWVYTkT5KqU2si',4,'2024-10-04 06:03:03',NULL,NULL,1,NULL),(101,'se','se','$2a$10$ZkVXicmt9XievKAK.0yTJO8Sj6lRhZhgxLt8EqdPnVsgpmmKMpGLK',0,'2024-10-06 23:58:00',NULL,NULL,1,NULL),(102,'gusrb2776@naver.com','지존현규','$2a$10$WsfU0KeKVTQuprcQlNDkDO4oDPfKEy7jtaBeBtLVwHHyHQKVAYsce',0,'2024-10-07 17:06:14',NULL,NULL,1,NULL),(103,'lop080@naver.com','wow','$2a$10$PX9ksecA4JpPk6fkruzB6.v/3JAo9gmmCniloGibinarfsYTzD4Bq',4,'2024-10-07 17:27:20',NULL,NULL,1,NULL),(104,'chaqhdtjr7@gmail.com','강수연','$2a$10$tb1RILmeM1oHO6e2XUGGyOOC9/wEa8q788hWFIjFuUC6JLF1ddOAS',0,'2024-10-07 17:29:30',NULL,NULL,1,NULL),(105,'sky4tony@naver.com','guniff','$2a$10$HhsqYpg/IaxLLqG6nQVkW.q0PkKse4mtlNX2zDxnT0c9ebSy3noUi',0,'2024-10-07 17:29:44',NULL,NULL,1,NULL),(106,'hhyeongjun.lee@gmail.com','이형준바보','$2a$10$IYXza5Otso1JznbUG5WhYOfSjHNeWC69n7i1J5VeNnnCM0iGSD52S',4,'2024-10-07 17:40:39',NULL,NULL,1,NULL),(107,'thwjd025@gmail.com','socoach','$2a$10$tEKDbqPWxhVeS8Z.i3xM1.q8et/BJ.ifzCFCVhw2ZnwVnIVRm8I4G',2,'2024-10-07 17:51:12',NULL,NULL,1,NULL),(108,'volunteermatter@gmail.com','jico','$2a$10$KyAPlSNv0RdLmh8eIEYDLuBBMVvVawcF00r3flwHpc6le8Cz3KZpq',0,'2024-10-07 19:54:32',NULL,NULL,1,NULL),(109,'audtjd1893@pusan.ac.kr','thingco3','$2a$10$K.miEQevmBo4dQMX8teYUe5rLk5H95uwJC3t5HKRxVJyv0Qx78Tqi',0,'2024-10-07 19:54:43',NULL,NULL,1,NULL),(110,'junghoon68@naver.com','민트초코데자와','$2a$10$Zdxxl1MyhY2REvFJPp5XXeJFlQV5hSFsd9iH.NKhnLkEweqyMCuiW',4,'2024-10-07 21:53:21',NULL,NULL,1,NULL),(111,'kmdy125@gmail.com','도예','$2a$10$6BepOq3UwIso1i68AFetEOs5KIaDcetJs4GIUktwCisWO385EP/8i',4,'2024-10-08 13:31:11',NULL,NULL,1,NULL),(112,'rmdwjd76@naver.com','min','$2a$10$Z1e.mjx.y8s48NLJr1k9SOxYUdh2Rx28zwq0tbPHwbwdSnJB03Osu',4,'2024-10-08 13:31:47',NULL,NULL,1,NULL);
/*!40000 ALTER TABLE `user` ENABLE KEYS */;
UNLOCK TABLES;

--
-- Table structure for table `user_easter_egg`
--

DROP TABLE IF EXISTS `user_easter_egg`;
/*!40101 SET @saved_cs_client     = @@character_set_client */;
/*!50503 SET character_set_client = utf8mb4 */;
CREATE TABLE `user_easter_egg` (
  `user_easter_egg_id` int NOT NULL AUTO_INCREMENT,
  `user_id` int NOT NULL,
  `metadata_id` int NOT NULL,
  `created_at` timestamp NULL DEFAULT CURRENT_TIMESTAMP,
  PRIMARY KEY (`user_easter_egg_id`),
  KEY `fk_user_easter_egg_user_id_idx` (`user_id`),
  KEY `fk_user_easter_egg_metadata_id` (`metadata_id`),
  CONSTRAINT `fk_user_easter_egg_metadata_id` FOREIGN KEY (`metadata_id`) REFERENCES `metadata` (`id`),
  CONSTRAINT `fk_user_easter_egg_user_id` FOREIGN KEY (`user_id`) REFERENCES `user` (`user_id`)
) ENGINE=InnoDB AUTO_INCREMENT=121 DEFAULT CHARSET=utf8mb4 COLLATE=utf8mb4_0900_ai_ci;
/*!40101 SET character_set_client = @saved_cs_client */;

--
-- Dumping data for table `user_easter_egg`
--

LOCK TABLES `user_easter_egg` WRITE;
/*!40000 ALTER TABLE `user_easter_egg` DISABLE KEYS */;
INSERT INTO `user_easter_egg` VALUES (1,45,1,'2024-09-26 01:11:56'),(2,45,2,'2024-09-26 01:11:56'),(3,45,3,'2024-09-26 01:11:56'),(4,45,4,'2024-09-26 01:11:56'),(5,45,5,'2024-09-26 01:11:56'),(6,45,6,'2024-09-26 01:11:56'),(7,45,7,'2024-09-27 08:40:19'),(8,45,8,'2024-09-27 08:46:09'),(9,45,9,'2024-09-30 02:02:20'),(10,45,10,'2024-09-30 02:02:20'),(11,45,11,'2024-09-30 02:02:20'),(12,45,12,'2024-09-30 02:02:20'),(13,50,5,NULL),(14,50,11,'2024-09-30 14:30:43'),(15,50,4,'2024-09-30 14:30:46'),(16,50,1,'2024-09-30 14:30:50'),(19,81,1,'2024-09-30 15:17:33'),(20,81,4,'2024-09-30 15:17:33'),(21,82,1,'2024-09-30 15:30:41'),(22,82,4,'2024-09-30 15:30:41'),(23,50,6,'2024-09-30 15:34:30'),(24,50,7,'2024-09-30 15:34:33'),(25,50,12,'2024-09-30 15:34:36'),(26,83,1,'2024-10-02 09:21:41'),(27,83,4,'2024-10-02 09:21:41'),(28,84,1,'2024-10-02 09:51:25'),(29,84,4,'2024-10-02 09:51:25'),(30,85,1,'2024-10-02 12:46:45'),(31,85,4,'2024-10-02 12:46:45'),(32,86,1,'2024-10-02 13:37:26'),(33,86,4,'2024-10-02 13:37:26'),(34,87,1,'2024-10-03 21:53:30'),(35,87,4,'2024-10-03 21:53:30'),(36,88,1,'2024-10-04 04:07:55'),(37,88,4,'2024-10-04 04:07:55'),(38,89,1,'2024-10-04 04:10:09'),(39,89,4,'2024-10-04 04:10:09'),(40,90,1,'2024-10-04 09:06:42'),(41,90,4,'2024-10-04 09:06:42'),(42,91,1,'2024-10-04 09:10:37'),(43,91,4,'2024-10-04 09:10:37'),(44,92,1,'2024-10-04 09:10:49'),(45,92,4,'2024-10-04 09:10:49'),(46,93,1,'2024-10-04 09:11:01'),(47,93,4,'2024-10-04 09:11:01'),(48,94,1,'2024-10-04 09:11:44'),(49,94,4,'2024-10-04 09:11:44'),(50,95,1,'2024-10-04 09:13:06'),(51,95,4,'2024-10-04 09:13:06'),(52,96,1,'2024-10-04 09:14:28'),(53,96,4,'2024-10-04 09:14:28'),(54,97,1,'2024-10-04 09:16:50'),(55,97,4,'2024-10-04 09:16:50'),(56,98,1,'2024-10-04 09:21:13'),(57,98,4,'2024-10-04 09:21:13'),(58,100,4,'2024-10-04 16:01:04'),(59,100,6,'2024-10-04 16:01:04'),(60,100,12,'2024-10-04 16:07:54'),(61,100,11,'2024-10-04 16:09:53'),(62,100,2,'2024-10-04 16:09:53'),(63,100,8,'2024-10-04 16:30:40'),(64,100,1,'2024-10-04 16:46:57'),(65,99,6,'2024-10-05 20:21:15'),(66,99,7,'2024-10-05 20:23:03'),(67,99,18,'2024-10-05 21:05:35'),(68,99,10,'2024-10-05 21:09:08'),(69,101,1,'2024-10-06 23:58:00'),(70,101,4,'2024-10-06 23:58:00'),(71,100,20,'2024-10-07 10:07:35'),(72,100,17,'2024-10-07 10:40:36'),(73,100,15,'2024-10-07 10:55:21'),(74,100,19,'2024-10-07 11:00:03'),(75,45,13,'2024-10-07 11:32:04'),(76,54,15,'2024-10-07 11:32:04'),(77,99,19,'2024-10-07 13:39:00'),(78,99,14,'2024-10-07 13:44:43'),(79,99,25,'2024-10-07 13:45:44'),(80,99,11,'2024-10-07 13:49:07'),(81,99,23,'2024-10-07 13:55:02'),(82,100,13,'2024-10-07 14:13:11'),(83,99,1,'2024-10-07 06:19:18'),(84,99,4,'2024-10-07 06:19:18'),(85,48,9,'2024-10-07 16:20:54'),(86,51,13,'2024-10-07 16:20:54'),(87,48,26,'2024-10-07 16:24:29'),(88,51,26,'2024-10-07 16:24:33'),(89,48,2,'2024-10-07 16:26:58'),(90,48,10,'2024-10-07 16:55:41'),(91,54,25,'2024-10-07 16:57:33'),(92,102,1,'2024-10-07 17:06:14'),(93,102,4,'2024-10-07 17:06:14'),(94,103,1,'2024-10-07 17:27:20'),(95,103,4,'2024-10-07 17:27:20'),(96,104,1,'2024-10-07 17:29:30'),(97,104,4,'2024-10-07 17:29:30'),(98,105,1,'2024-10-07 17:29:44'),(99,105,4,'2024-10-07 17:29:44'),(100,106,1,'2024-10-07 17:40:39'),(101,106,4,'2024-10-07 17:40:39'),(102,107,1,'2024-10-07 17:51:12'),(103,107,4,'2024-10-07 17:51:12'),(104,54,30,'2024-10-07 17:58:52'),(105,108,1,'2024-10-07 19:54:32'),(106,108,4,'2024-10-07 19:54:32'),(107,109,1,'2024-10-07 19:54:43'),(108,109,4,'2024-10-07 19:54:43'),(109,110,1,'2024-10-07 21:53:21'),(110,110,4,'2024-10-07 21:53:21'),(111,48,15,'2024-10-07 22:24:32'),(112,110,14,'2024-10-07 22:27:55'),(113,110,27,'2024-10-07 22:28:14'),(114,110,20,'2024-10-07 22:28:14'),(115,111,1,'2024-10-08 13:31:11'),(116,111,4,'2024-10-08 13:31:11'),(117,112,1,'2024-10-08 13:31:47'),(118,112,4,'2024-10-08 13:31:47'),(119,45,14,'2024-10-08 14:46:50'),(120,99,21,'2024-10-08 14:47:42');
/*!40000 ALTER TABLE `user_easter_egg` ENABLE KEYS */;
UNLOCK TABLES;

--
-- Table structure for table `user_skin`
--

DROP TABLE IF EXISTS `user_skin`;
/*!40101 SET @saved_cs_client     = @@character_set_client */;
/*!50503 SET character_set_client = utf8mb4 */;
CREATE TABLE `user_skin` (
  `user_skin_id` int NOT NULL AUTO_INCREMENT,
  `user_id` int NOT NULL,
  `bear_skin_metadata` int NOT NULL DEFAULT '0',
  `rabbit_skin_metadata` int NOT NULL DEFAULT '0',
  PRIMARY KEY (`user_skin_id`),
  KEY `fk_user_skin_user_idx` (`user_id`),
  KEY `fk_user_skin_bear_skin` (`bear_skin_metadata`),
  KEY `fk_user_skin_rabbit_skin` (`rabbit_skin_metadata`),
  CONSTRAINT `fk_user_skin_bear_skin` FOREIGN KEY (`bear_skin_metadata`) REFERENCES `metadata` (`id`),
  CONSTRAINT `fk_user_skin_rabbit_skin` FOREIGN KEY (`rabbit_skin_metadata`) REFERENCES `metadata` (`id`),
  CONSTRAINT `fk_user_skin_user_id` FOREIGN KEY (`user_id`) REFERENCES `user` (`user_id`)
) ENGINE=InnoDB AUTO_INCREMENT=75 DEFAULT CHARSET=utf8mb4 COLLATE=utf8mb4_0900_ai_ci;
/*!40101 SET character_set_client = @saved_cs_client */;

--
-- Dumping data for table `user_skin`
--

LOCK TABLES `user_skin` WRITE;
/*!40000 ALTER TABLE `user_skin` DISABLE KEYS */;
INSERT INTO `user_skin` VALUES (1,45,2,6),(3,22,1,4),(4,38,1,4),(5,39,1,4),(6,40,1,4),(7,41,1,4),(8,42,1,4),(9,43,1,4),(10,44,1,4),(11,46,1,4),(12,47,1,4),(13,48,9,26),(14,49,1,4),(15,50,1,4),(16,51,13,26),(17,52,1,4),(18,53,1,4),(19,54,15,4),(20,55,1,4),(21,56,1,4),(22,57,1,4),(23,58,1,4),(24,59,1,4),(25,60,1,4),(26,61,1,4),(27,62,1,4),(28,63,1,4),(29,64,1,4),(30,65,1,4),(31,66,1,4),(32,67,1,4),(33,68,1,4),(34,69,1,4),(35,70,1,4),(36,71,1,4),(37,72,1,4),(38,73,1,4),(39,74,1,4),(40,75,1,4),(41,76,1,4),(42,77,1,4),(43,81,1,4),(44,82,1,4),(45,83,1,4),(46,84,1,4),(47,85,1,4),(48,86,1,4),(49,87,1,4),(50,88,1,4),(51,89,1,4),(52,90,1,4),(53,91,1,4),(54,92,1,4),(55,93,1,4),(56,94,1,4),(57,95,1,4),(58,96,1,4),(59,97,1,4),(60,98,1,4),(61,101,1,4),(62,99,7,6),(63,100,20,12),(64,102,1,4),(65,103,1,4),(66,104,1,4),(67,105,1,4),(68,106,1,4),(69,107,1,4),(70,108,1,4),(71,109,1,4),(72,110,1,4),(73,111,1,4),(74,112,1,4);
/*!40000 ALTER TABLE `user_skin` ENABLE KEYS */;
UNLOCK TABLES;
/*!40103 SET TIME_ZONE=@OLD_TIME_ZONE */;

/*!40101 SET SQL_MODE=@OLD_SQL_MODE */;
/*!40014 SET FOREIGN_KEY_CHECKS=@OLD_FOREIGN_KEY_CHECKS */;
/*!40014 SET UNIQUE_CHECKS=@OLD_UNIQUE_CHECKS */;
/*!40101 SET CHARACTER_SET_CLIENT=@OLD_CHARACTER_SET_CLIENT */;
/*!40101 SET CHARACTER_SET_RESULTS=@OLD_CHARACTER_SET_RESULTS */;
/*!40101 SET COLLATION_CONNECTION=@OLD_COLLATION_CONNECTION */;
/*!40111 SET SQL_NOTES=@OLD_SQL_NOTES */;

-- Dump completed on 2024-10-08 15:18:45
